gene name,organism,uniprot,reference,sequence
alpha-coatomer protein,Drosophila melanogaster,A0A158N931,10.1007/s0035 9-018-1252-6,MLTKFETKSARVKGLSFHPKRPWVLASLHNGVIQLWDYRMCALLDKFDEHDGPVRGICFHNQQPLFVSGGDDYKIKVWNYKQRRCIFTLLGHLDYIRTTMFHQEYPWILSASDDQTIRIWNWQSRTCICVLTGHNHYVMCAQFHPTEDIIVSASLDQTVRVWDISGLRKKNVAPGPGGLEDHLKNPGATDLFGQADAVVKYVLEGHDRGVNWACFHGTLPLIVSGADDRQIKMWRMNDAKAWEVDTCRGHYNNVSCVLFHPRQDLILSNSEDKSIRVWDMTKRTCLHTFRREHERFWVLAAHPTLNLFAAGHDSGMIIFKLERERPAYAVCGNLLYYVKDRFLRKLDFTTSKDTSVMQIRGGGKTPPYSMSYNQAENSVLICTRSPSNIENSTYDLYMIPREGDSSTDADTKRASGVTAIWVARNRFAVLDRAYSLVIKNLKNEVTKKVQIPNCDEIFYAGTGMLLLRDPEQVTLFDVQQKRTLAEEKIAKCRYVVWSSDMSHVALLAKHTVNICNRRLESLCCIHENTRVKSGAWDDSGVFIYTTSNHIKYAISNGDYGIIRTLDLPIYVTRVKGNQVYCLDRECKPRILRIDSTEYKFKLALINRKYEEVLHMVRNANLIGQSIIAYLQQKGYPEVALHFVKDEKTRFGLALECGNIEVALEAARSLDQKSCWESLAQTALLQGNHQVVEMCYQRTKNFEKLAFLYLITGNLEKLRKMIKIAEIRKDVSGQYQGSLLLGDIYERAKILRNSGQASLAYVTEKIHGISNEDDDGEYESMSEELSALEKGATYLRPPVPIQQAENNWPLLTVSKGFFEGAMMSRSRTQVAAALALEDNGEATPEGWGNDEELGIDDEEGVDTEIVPEGEENPGWDVEDVDLPPELEAAATSDESNNYECLPTKGVSPPQHWVNNSKLVVDHILAGSFESAFRLLNNQVGVVEFGPYQSLFLNTYSRSRTSYACLPSIPSLYGYPQRNWKDTNWKDTTSKTGLPAVGLHLTELVQRLQVCYQLTTNGKFAKAIEKLQSILLSVPLLVVDSKQDIAEAQQLIQICREYILGLKMETDRKSLPRATLAEQKRICEMAAYFTHCNLQPVHQILTLQVAVNLFYKLKNFKTAASFARRLLELGPNPELAQKIRVLLQSCDKNPVDEHKLVYDEHNPFSLCASTFTPIYKGKPEVKCPLCGASYSPQFKDTVCKICEVALIGKEH
beadex isoform A,Drosophila melanogaster,O77284,10.1007/s0035 9-018-1252-6,MMTMDITKTEPGLVGLSSNQQQQQQQQSQQSNAGMNSGGQNNGPNPNGNGNVVNVVNSGGAGGGNNGNGNVQSIAAAANNNNNNNNNGSQLCAGCGKHIQDRYLLRALDMLWHEDCLKCGCCDCRLGEVGSTLYTKGNLMLCKRDYLRLFGNTGYCAACSKVIPAFEMVMRARTNVYHLECFACQQCNHRFCVGDRFYLCENKILCEYDYEERLVFASMANHPMLKRHVSSLGQGSPTGAAGAQNTAGGLLGGGPGGGNVNGVGMVNGPRTPGDHNNNNNGPQTPTGGGSPFAAAAAAAAAAAHMKNQLGASS
Inositol-3-phosphate synthase,Drosophila melanogaster,O97477,10.1007/s0035 9-018-1252-6,MKPTNNSTLEVISPKVQVDDEFITTDYDYQTSHVKRTADGQLQVHPQTTSLKIRTGRHVPKLGVMLVGWGGNNGSTLTAALEANRRQLKWRKRTGVQEANWYGSITQASTVFIGSDEDGGDVYVPMKELLPMVEPDNIIVDGWDISGLHLGDAMRRAEVLDVALQDQIYDQLAQLRPRPSIYDPDFIAANQSDRADNVIRGTRLEQYEQIRKDIRDFRERSGVDSVIVLWTANTERFADVQPGLNTTSQELIASLEANHSEVSPSTIFAMASIAEGCTYINGSPQNTFVPGLIQLAEEKNVFIAGDDFKSGQTKIKSVLVDFLVGAGIKPVSIASYNHLGNNDGKNLSAPQQFRSKEISKSNVVDDMVASNRLLYGPDEHPDHVVVIKYVPYVGDSKRAMDEYTSEIMMGGHNTLVIHNTCEDSLLATPLILDLVILGELSTRIQLRNAEKESAPWVPFKPVLSLLSYLCKAPLVPQGSQVVNSLFRQRAAIENILRGCIGLPPISHMTLEQRFDFSTITNEPPLKRVKILGQPCSVESVTNGKKLHANGHSNGSAKLATNGNGH
Nurf-38,Drosophila melanogaster,O77460,10.1007/s0035 9-018-1252-6,MLAKITRSSFYASRAVGRLSGSIPTSPAALASNCRYIQIERKRTKSHEMALYETVEKGAKNSPSYSLYFKNKCGNVISPMHDIPLYANEEKTIYNMVVEVPRWTNAKMEISLKTPMNPIKQDIKKGKLRFVANCFPHKGYIWNYGALPQTWENPDHIEPSTGCKGDNDPIDVIEIGYRVAKRGDVLKVKVLGTIALIDEGETDWKIIAIDVNDPLASKVNDIADVDQYFPGLLRATVEWFKIYKIPDGKPENQFAFNGDAKNADFANTIIAETHKFWQNLVHQSPASGSISTTNITNRNSEHVIPKEEAEKILAEAPDGGQVEEVSDTVDTWHFIHLK
rasputin,Drosophila melanogaster,Q9VFT4,10.1007/s0035 9-018-1252-6,MVMDATQSQQPSPQSVGREFVRQYYTLLNKAPNHLHRFYNHNSSYIHGESKLVVGQREIHNRIQQLNFNDCHAKISQVDAQATLGNGVVVQVTGELSNDGQPMRRFTQTFVLAAQSPKKYYVHNDIFRYQDLYIEDEQDGESRSENDEEHDVQVVGGTVDQAVQVAGDVVAQQPQQQQAPPQPQAQVVVPQQVAPVAAGGAAPQQIFYPLPAGAAAGRPVAVLPPAPQAAAVPLPAQFTVPPPQPIQNGVVSHEELQQQQVLVPPSVSPLVQQQQPTGTPVLPIVPVPSAGFQQSPLVAPQLIQQQQQQQPAQLPPQQQQQQQPIQQQQPLQQQQQPLAEPEEVEVAPRQQKPPTPVEDFKTIHEQQQQEKYEAAKQQQNEPKTYANLFKSTSSSPSGFVNAALQQQQQLQQQQQQQQSISSNTYNSSSATSGGGNGSQVSYSTTASSYNNSNGNSRLDNGGPLPQRNNSIRNNKGDFEQRRSSNTQQFGDNQQLFLGNIPHHASEDDLREIFSRFGNVLELRILSKAGNKVPPGMRSPLNYGFITYDDPEAVQKCLANCPLYFPENSPDGQKLNVEEKKPRVRNDMVPRQQIGGNNLNNNMGRLGGNNGPQSRPMGNNNGSGGGMMRNNAGGNNLRQGGGGGNGAPRLGGGGGFGQRQDNRTGGGNNQSNGPLRGAGNGQSGGGNYGRR
quick-to-court,Drosophila melanogaster,Q9VMU5,10.1007/s0035 9-018-1252-6,MMTSLQLETSLPAVEEQVQREKDNDSAEDSHTASTTPTRIPHPAVARFRRSASLRLRGNPAELGLRAEHCPAGGGGFSSRAKLTAIPSSLETRSHPVHLRRNRSWCNLGHKTEQEPEVEASTEALCNAAQCLSLDKEALAPKVGNSSMANGKPRNLSLQLNGGSDISSSGTSSSSSNNKESSPRTTRTPRTPQTPQTPQTPASGVAASVAETPHSCIRQGNCVKANQVKLSTLHESKISPRTPPVTPDSPSTYLDDDIDSMYSFATTTSGRSTMSCEHPYVARNGTTFSGRKMKYVVHCSNYAGQVGPDYLTPTQRAQRQIRRLKELLCIARQDLEQKDTELLRLTREVVELRLFKASLSSPEERSASSDAVTVREAELKTSQDVSPIVDMVDEGNAKGSPRHLSRQQQQQANHSLQAMQMSAEMQSSYADSGHFEDLTMSSVHSKDSQTQSEACGTATPDGEADVGCGAGGDSASNLENYELQRQELISMYEHRIEELIRSQDSATSDLKRSHNDKVEALLQKLAECNTRYSDMVPDYEQAKQRIRELEKQLEDLQRKLIEHEEKQNKMYLHMYQQGQEAERISRADQALDLAQRQPESKVSINELLHQLQSTQDELENIRASECRMRECGSNHALLTAKEAISLWVLGARKTIYRRLLEAQKNRTHVDPEVTLQFLKSAIFYFLTDKENSQGHLQAIESILEFTDAEKQKISAANRTPK
vitellogenin,Drosophila melanogaster,P02843,10.1007/s0035 9-018-1252-6,MNPMRVLSLLACLAVAALAKPNGRMDNSVNQALKPSQWLSGSQLEAIPALDDFTIERLENMNLERGAELLQQVYHLSQIHHNVEPNYVPSGIQVYVPKPNGDKTVAPLNEMIQRLKQKQNFGEDEVTIIVTGLPQTSETVKKATRKLVQAYMQRYNLQQQRQHGKNGNQDYQDQSNEQRKNQRTSSEEDYSEEVKNAKTQSGDIIVIDLGSKLNTYERYAMLDIEKTGAKIGKWIVQMVNELDMPFDTIHLIGQNVGAHVAGAAAQEFTRLTGHKLRRVTGLDPSKIVAKSKNTLTGLARGDAEFVDAIHTSVYGMGTPIRSGDVDFYPNGPAAGVPGASNVVEAAMRATRYFAESVRPGNERSFPAVPANSLQQYKQNDGFGKRAYMGIDTAHDLEGDYILQVNPKSPFGRNAPAQKQSSYHGVHQAWNTNQDSKDYQ
desat1,Drosophila melanogaster,Q7K4Y0,10.1007/s0035 9-018-1252-6,MPPNAQAGAQSISDSLIAAASAAADAGQSPTKLQEDSTGVLFECDVETTDGGLVKDITVMKKAEKRRLKLVWRNIIAFGYLHLAALYGAYLMVTSAKWQTCILAYFLYVISGLGITAGAHRLWAHRSYKAKWPLRVILVIFNTIAFQDAAYHWARDHRVHHKYSETDADPHNATRGFFFSHVGWLLCKKHPEVKAKGKGVDLSDLRADPILMFQKKYYMILMPIACFIIPTVVPMYAWGESFMNAWFVATMFRWCFILNVTWLVNSAAHKFGGRPYDKFINPSENISVAILAFGEGWHNYHHVFPWDYKTAEFGKYSLNFTTAFIDFFAKIGWAYDLKTVSTDIIKKRVKRTGDGTHATWGWGDVDQPKEEIEDAVITHKKSE
Lipophorin receptor 1,Drosophila melanogaster,A8JRD0,10.1007/s0035 9-018-1252-6,MAIESRSTSTASETTKTAIKSTTSSKSPVTFGNLGEKRRAEQLFRCACANFNLLLLTLMLGFGKCCTATPTPLNTPSTNTPTSAVSPHNPQTLDESGSLSKVIDGKAFINMGFKFLNVSGKIGTPLGIGQSLEAKCDEKQFQCHSGDCIPIRFVCDGDADCKDHSDEQIKECKFIEATCSSDQFRCGNGNCIPNKWRCDQESDCADGSDEANELCMNACPNNEFKCQTVDQCIPRSWLCDGSNDCRDKSDEAHCRARTCSPDEYACKSGEGQCVPLAWMCDQSKDCSDGSDEHNCNQTCRADEFTCGNGRCIQKRWKCDHDDDCGDGSDEKECPVVPCDSVAEHTCTNGACIAKRWVCDGDPDCSDGSDERSCANVTKTTTPCLSHEYQCKDRITCLHHSWLCDGDRDCPDGDDEHTANCKNVTCRADQFQCGDRSCIPGHLTCNGDKDCADGSDERDCGLSLSLGINQGGCNATSEFDCGGGQCVPLSKVCDKRKDCPDGEDEPAGKCGINECASKNGGCMHQCIDLKVGHHCECHEGYKLSPDKRNCQDINECEVPGKCSQICVNEIGGFKCECEAGYMRDPKNHTRCKASEGHASLLLARRHDIRKIALDHMEMTSIVNSTKAATALDFVFRTGMIFWSDVTTQSIYKAPIDEGNEKTVVLTKSSVTSDGLAVDWIYNHVYFTDTHKCTIELTNFEGSMGKVLVKDSLDIPRSIALDPIEGWMYWSDWGASPRIERAGMDGSHRTTIISYDVKWPNGITLDLVKKRIYWVDGKLNVISSANYDGSQRSQVLYSGEYLRHPFSITTFEDNVYWTDWDKQAVFKANKFTGEDVEPVTAMHMLQHPMVVHVYHPYRQPDGVNHCQSVNGHCSHLCLPAPRINERSPRISCACPTGLKLMVDGLMCVEDPLYLPPVTRPPRARKTKPRPKSPRRRLPTGVQVGHADIRIEINDDLQLSTRLPLLPTTFVADQRPVKNHTQIEKTTTPSEQPDSGFIALVVIASLSGFAVLLSVLLLIGYRYCSKRRINSMNFENPIYRKTTTTEDHFSLRKNLPARIYDHTSVMDEEYSPVIGISSY
ebony,Drosophila melanogaster,Q9VDC6,10.1016/j.tig.2006.12.005,MGSLPQLSIVKGLQQDFVPRALHRIFEEQQLRHADKVALIYQPSTTGQGMAPSQSSYRQMNERANRAARLLVAETHGRFLQPNSDGDFIVAVCMQPSEGLVTTLLAIWKAGGAYLPIDPSFPANRIHHILLEAKPTLVIRDDDIDAGRFQGTPTLSTTELYAKSLQLAGSNLLSEEMLRGGNDHIAIVLYTSGSTGVPKGVRLPHESILNRLQWQWATFPYTANEAVSVFKTALTFVDSIAELWGPLMCGLAILVVPKAVTKDPQRLVALLERYKIRRLVLVPTLLRSLLMYLKMEGGGAAQKLLYNLQIWVCSGEPLSVSLASSFFDYFDEGVHRLYNFYGSTEVLGDVTYFACESKKQLSLYDNVPIGIPLSNTVVYLLDADYRPVKNGEIGEIFASGLNLAAGYVNGRDPERFLENPLAVEKKYARLYRTGDYGSLKNGSIMYEGRTDSQVKIRGHRVDLSEVEKNVAELPLVDKAIVLCYHAGQVDQAILAFVKLRDDAPMVTEMQMEARLKDKLADYMTPQVVILEHVPLLVNGKVDRQALLKTYETANNNEGDSSIVLDFDYSQVPEDLKLTARDLFETVGGVIGRSTRATLAPHSNFYELGGNSLNSIFTVTLLREKGYNIGISEFIAAKNLGEIIEKMAANHDAVQLEEESLNACPHLKMEAVPLRLEHRQEVIDIIVASFYNKADLEQWLKPGVLRTDYSDILNDIWNVLVERDLSFVVYDTNTDRIIGTALNFDARNEPEVDIKSKLLIVFEFLEFCEGPIRDNYLPKGLNQILHSFMMGTAEKLNPRENIACMHFMEHEVLRVAREKQFAGIFTTNTSPLTQQLADVYHYKTLLNFQVNEYVHSDGSRPFGDAPDEQRAIVHWKEVGK
black,Drosophila melanogaster,Q24062,10.1016/j.tig.2006.12.005,MLASENFPTHHFKESIFKPYSTTSGDDLASVSPLTATAALVASTSSPADSTSTVAFEQASKMLANAANNNNNNNNNITSTKDDLSSFVASHPAAEFEGFIRACVDEIIKLAVFQGTNRSSKVVEWHEPAELRQLFDFQLREQGESQDKLRELLRETIRFSVKTGHPYFINQLYSGVDPYALVGQWLTDALNPSVYTYEVAPLFTLMEEQVLAEMRRIVGFPNGGQGDGIFCPGGSIANGYAISCARYRHSPESKKNGLFNAKPLIIFTSEDAHYSVEKLAMFMGFGSDHVRKIATNEVGKMRLSDLEKQVKLCLENGWQPLMVSATAGTTVLGAFDDLAGISEVCKKYNMWMHVDAAWGGGALMSKKYRHLLNGIERADSVTWNPHKLLAASQQCSTFLTRHQQVLAQCHSTNATYLFQKDKFYDTSFDTGDKHIQCGRRADVFKFWFMWKAKGTQGLEAHVEKVFRMAEFFTAKVRERPGFELVLESPECTNISFWYVPPGLREMERNREFYDRLHKVAPKVKEGMIKKGSMMITYQPLRQLPNFFRLVLQNSCLEESDMVYFLDEIESLAQNL
fruitless,Drosophila melanogaster,Q8IN81,10.1016/j.tig.2006.12.005,MMATSQDYFGNPYALFRGPPTTLRPRESPLGVGHPHGHGHLHSHAHAHGHGHAHSHYAALDLQTPHKRNIETDVRAPPPPLPPPPLPLPPASPRYNTDQGAMDQQFCLRWNNHPTNLTGVLTSLLQREALCDVTLACEGETVKAHQTILSACSPYFETIFLQNQHPHPIIYLKDVRYSEMRSLLDFMYKGEVNVGQSSLPMFLKTAESLQVRGLTDNNNLNYRSDCDKLRDSAASSPTGRGPSNYTGGLGGAGGVADAMRESRDSLRSRCERDLRDELTQRSSSSMSERSSAAAAAAAAAAAVAAAGGNVNAAAVALGLTTPTGGERSPSVGSASAAAAAAAVAAAVAAAANRSASADGCSDRGSERGTLERTDSRDDLLQLDYSNKDNNNSNSSSTGGNNNNNNNNNNNSSSNNNNSSSNRERNNSGERERERERERERDRDRELSTTPVEQLSSSKRRRKNSSSNCDNSLSSSHQDRHYPQDSQANFKSSPVPKTGGSTSESEDAGGRHDSPLSMTTSVHLGGGGGNVGAASALSGLSQSLSIKQELMDAQQQQQHREHHVALPPDYLPSAALKLHAEDMSTLLTQHALQAADARDEHNDAKQLQLDQTDNIDGRVKCFNIKHDRHPDRELDRNHREHDDDPGVIEEVVVDHVREMEAGNEHDPEEMKEAAYHATPPKYRRAVVYAPPHPDEEAASGSGSDIYVDGGYNCEYKCKELNMRAIRCSRQQHMMSHYSPHHPHHRSLIDCPAEAAYSPPVANNQAYLASNGAVQQLDLSTYHGHANHQLHQHPPSATHPSHSQSSPHYPSASGAGAGAGSVSVSIAGSASGSATSAPASVATSAVSPQPSSSSTGSTSSAAAVAAAAAAAANRRDHNIDYSTLFVQLSGTLPTLYRCVSCNKIVSNRWHHANIHRPQSHECPVCGQKFTRRDNMKAHCKIKHADIKDRFFSHYVHM
dissatisfaction,Drosophila melanogaster,Q9VML1,10.1016/j.tig.2006.12.005,MGTAGDRLLDIPCKVCGDRSSGKHYGIYSCDGCSGFFKRSIHRNRIYTCKATGDLKGRCPVDKTHRNQCRACRLAKCFQSAMNKDAVQHERGPRKPKLHPQLHHHHHHAAAAAAAAHHAAAAHHHHHHHHHAHAAAAHHAAVAAAAASGLHHHHHAMPVSLVTNVSASFNYTQHISTHPPAPAAPPSGFHLTASGAQQGPAPPAGHLHHGGAGHQHATAFHHPGHGHALPAPHGGVVSNPGGNSSAISGSGPGSTLPFPSHLLHHNLIAEAASKLPGITATAVAAVVSSTSTPYASAAQTSSPSSNNHNYSSPSPSNSIQSISSIGSRSGGGEEGLSLGSESPRVNVETETPSPSNSPPLSAGSISPAPTLTTSSGSPQHRQMSRHSLSEATTPPSHASLMICASNNNNNNNNNNNNGEHKQSSYTSGSPTPTTPTPPPPRSGVGSTCNTASSSSGFLELLLSPDKCQELIQYQVQHNTLLFPQQLLDSRLLSWEMLQETTARLLFMAVRWVKCLMPFQTLSKNDQHLLLQESWKELFLLNLAQWTIPLDLTPILESPLIRERVLQDEATQTEMKTIQEILCRFRQITPDGSEVGCMKAIALFAPETAGLCDVQPVEMLQDQAQCILSDHVRLRYPRQATRFGRLLLLLPSLRTIRAATIEALFFKETIGNVPIARLLRDMYTMEPAQVDK
CheB42a,Drosophila melanogaster,Q3ZAK6,10.1016/j.tig.2006.12.005,MKATFTILVLQVVICLAGATEYQLTLDKDGLLAPCENQPGNPSGFEAMVDTSSLKVHNLGSKVRIEGEQKVVWKDVQPGDTLKVFGQVYRLDKGTWQKTMFTASSNNFCKNMFDKNQYWYNFWTKYISNSDEIKEKCLTTPGAVLKYKDYELDLKTSLNVPNLDGRYKLVVQIEAFDKRNVRRPVPICIEFRGTAGQV
CG16978,Drosophila melanogaster,Q9VK38,10.1038/ng1867,MMSRIISLLLLFGIICAALIAGHPHDLIEDPEGTNDALEESGSGYNSAEEFMNAMDELIRRWQENDAAHENSTDYPSLDDDETTLDFMDITTEPAT
CG3397,Drosophila melanogaster,Q9VGF1,10.1038/ng1867,MSGSLPATFVKGFHDEEKVRRMEYRQLGSTGLRVSKIALGGATLSKLFSDDFDREEGILTVQEAIRSGINYIDTAPFYGQGKSEELLGQALKDVPREAYYIATKVARYELDPNNMFDYTAAKARESVKRSLELLQLDRVDVLQVHDVDAAPSLDMVLNETIPVLEEYVQAGKARFIGVTAYDVDVLKECAERGKGRIQVVLNYARYTLLDNTLLRHMKAFQEMGVGVVCAAAHSLGLLSNAGPQSWHPGSPELLAVGKRGAEICQKRNVELGKLAMYYTMQLDGAATFLIGIPNRKLLRINLDAIFDGLTSHEQEVLQYLRENVFTKSYSWGSTLSTVNMFK
Drosomycin,Drosophila melanogaster,P41964,10.1038/ng1867,MMQIKYLFALFAVLMLVVLGANEADADCLSGRYKGPCAVWDNETCRRVCKEEGRSSGHCSPSLKCWCEGC
CG11899,Drosophila melanogaster,Q9VAN0,10.1038/ng1867,MVINFAAGPAKLPEEVLKEVQENLVNCNGSGISVMEMSHRSSNYAKIHDATISDLRELLNVPSNYKILLMQGGGTGQFAAVALNLIGKTGTADYVITGSWSAKAAKEAAQYGTVNAVLPKLAKYTTVPRQETWKLDPNASYVYYCDNETVEGVEFDFVPEVPAGVPLVADMSSNFLSRPFDVSKFGVIYAGAQKNIGPAGTTVIIVRDDLIGKHLKITPSILNFEQMDKNNSLLNTPPTFGIYVMGLVFKWIKRNGGVAGMAKLAAAKSKLIYDTINQSNGFYYCPVDVNVRSRMNVPFRIGSASGDDALEKEFLSKAEAEGMIQLKGHRSVGGIRASLYNAVTLAETQQLANLMLAFYKNNKN
CG7900,Drosophila melanogaster,Q9VHV9,10.1038/ng1867,MEIFLRLIVILVKVIALIVSPLLEAFVYRPKSKRTLIPPIRSRLLTLSVQELRRRLQSRQLTSVELVRTYIERIEAVNKHLNALIESRFTAALEEATETDDLIASCQTAAEVEKLFEERPLLGLPVTIKESCALEGMTFAVGSLSRKNIKAEADGEAVKRLKLAGAIPLLVSATPEYCFSIETDTLLNGRCLNPYDSERTSGGSSGGEGSLNGAGASLFGIGSDIGGSIRIPSLYCGIFGHKPSGGVVSVKGHFPNSLDPNIGHYLVEGPITRFAEDLSELLQVMAGKENSSKLRLNEPVQLNQIKVQYALAFEGINGWMHMAVDKDITGAICKATTHLKTLGLNVKKVKLPNLENSVEMALSGIAGQDLMDYLLTDENPEGSGKVRETVWEIVKSVRGHSKYTTNALIFELMRRTGAFMSQSKINQYMKETRELIGEFENLLGDNGVLLFPTLNLPAPRHKWSILSLWGVDYTLMFNVLGLPVTHVPMGLNERGLPIGLSVIGAPNQDRLCLRVAVELERAFGGWKPPVPHDLDD
alfa-Esterase-8,Drosophila melanogaster,Q9VIB3,10.1038/ng1867,MSFDIAVADQMRIALNYVKFKTNQQRLRSNDKVIADTVYGKVKGVKWQSIYGNNYYSFEGIPFAKPPVGELRFKAPVEPEHWSDVKRCTHVRAKPCQVNIVLKQVQGSEDCLYLNVYTRELHPHRPLPVLVWIYGGGFQMGEASRDLYSPDYIMMEHVVLVVISYRLGALGFLSLADEELDVPGNAGLKDQVMALRWVKRNCQFFGGDPDNITVFGESAGGASTHYMMLTDQAKGLFHKTIIMSGSALAPWAQTPTHINWPYRLAQATGYTGDANDRDIFAHLKKCKASSMLKVAEDIITMEERHQRLTMFSFGPTIEPYLTPHCVIPKSPLEMMRDCWGNSIPMVIGGNSFEGLLMFPEVNKWPELLCQLGDCENLAPQDAHVDEQQRKAFGKKVRELYFGDRTPGRKTILEYSDLFSYKYFWHGIHRTLLSRAHHAPLAPTFLYRFDFDSKHFNIMRIITCGRKVRGTCHADDLSYLFYNAAAKKLKRRTAEFKTIKRLVSMVVHFAISGDPNIPMVCQDEKEQPRGAWLPISKDDKVFQCLNISHDVHVIDLPEAEKLRLWDCIYDRELLY
CG32444,Drosophila melanogaster,Q9VP02,10.1038/ng1867,MSITLEEEIFGLAVNPFTKSPEMVRRYTLKNSKGMTVSVIQLGAIIQSVCLPDAYKKVDDVCLGFDDIASYLANKGAYIGGTLGRVANRVANGEYTFNDTKVSVTKNIQDKFQLHGGFIGFDSVIWEVVQKSAEGVIFRHVSPHGHEGYPGKLTCLITYQLDNENRLWVRYEATTDRSTMVNLSSHAYFNLAGHGSGAKGLSEHTVEIASDQIVDTDELQIPTGKLVDVKDTVFDLRLPVLMRDRLMQFENRQIKGYDNCFVVNGGRVQKSVAKVAKIVHPPSCRVLEVWTDQPGMQFYTANNLTSIVGKNCTKYEKHGSFCVETEKFPDAMNHPEFPSISLEPNEKYRHDVLYWFKVEESWKCCCNNDP
artichoke,Drosophila melanogaster,Q9VPF0,10.1038/ng1867,MMLLPIFLLLCIGINLIRAESCPPSQAILPCRCSLRGKEIQIWCSHSNLPQIMDGLKAVERNIKGRIDELVLENNQLPALPGRFFGSLQIVRLMLRHNSIERVSNGWLNELENGLVEIFVVEPQLRSIPAESLNGMINMLAITIQSEELKHLPDFSGLLSLTYLSVQTGALQELPSHLFRHLPKLQHIHITGGSGLTRLEAGLFDGLISLKNLDLSHNGLNWIHLRALSRLPNLVSLKLSHNQISDVGMVGRIVKDLEHLKKLRLDNNLITVIEDGSFVDLPNLSELHLNDNRITELQYGAFLRTPQLKTIYLQNNLIRRIHPESLLQASGSGVEAVHMYNNEIGHVEALRALLDALPRLRYLDMSGNLLSELPYGALRGHGTLEQLHLNHNHLRLIERDALMAMPALRELRMRNNSLSSDLPLPFWNLPGLKGLDLAQNQFARVDSQLLAGLPSLRRLDLSENGLIELAPNSFRHNPLLETLNISSNELTKIHSSTLIHLERLFEVDASYNQLKSVIAGLPRIVERISLKGNQITSLPAAASKDLQLPNLRMLDLSQNRIEQLPRHGFQGAMELRVLSLAQNELRQLKDTSFIGIQRLELLHLQENQLGEADERALLPLAELRNLNLQSNKLEAITDNFFSNNSRLEQLDLSRNLIRSISPTAFDTQRSLEYLDLSGNALLDISVGLGNLNNLRDIDLSYNQISRIQSDVIGGWRNVVEIRLSNNLIVELQQGTFRNLPKLQYLDLSSNEIRNVEPGALKGLDELQEFVLADNKLVELKDHVFEELPSLLASHFQYNKLRYISPESFHNANSLVFLNLSNNHFRNMENIGLRSMRNLEVLDLSTNGVKLVSTMPLKALNWLVELKMDNNQICRIQGSPFETMPRLRVLSMRNNQLRSIKERTFRNVRGNIAILDVDGNPIDCNCEMQWLSVWLQETNFPYPGPKCQDGRLLRSARMERSLCVGADIYGNERTDGNQLPLLNEHGDVFQRDLPDDFNDECEAGEGTRLPGDRPLVGESEYFYDQYVDATEAPDTTHSAISTSQRPKPTPTINSNIDLNNTILHTKYFNRKPQPGSGSPFTFFGYPLPSVSLGRFFGFGDRGRKQRTDSNDDMPATHRMAHISLPSGRGKTRMYQPNSAEFEKYLKDQQKQEKLNIARNRYVDTDSTTSSMEDALSNESGSAATTVGVFRTTFREPSSIERGGFRPIVPAHVGGFMPVHDPQQRRGLVEVVNITGNPSEIVQGIGQRKFIPISTQARPKPTKSSGESSETATYEVTETTPDITTTTPLMQRIATSTTKASTTTTRSTTTTSTTQVTPAENNASSSTELDSQYDDEDLEAQSVTLLRPPPLVQTTTAETILLIPPAEEHVAQIKSRSWVTTTTPQSPSDNQVTLAGPTSTVPPPPPASPPLRGGGRSTITKVYTPYQQQVAQPTAEEYQRTTPSGDNEGVASEHQLTANAQKRTELELLQVDRVDRKDGMDWYYESFKKKRDFNGGAAVRKTAHKEVFYDGVAASSSWNRLHKEILFISLLLLWRAC
Multi-substrate lipid kinase,Drosophila melanogaster,Q9VL10,10.1038/ng1867,MNYLRVIRNNWKKCTFGAAVSVYALQALKTHIEIEQHMREFASNIQANWISDRPKKVLVVMNPVANKKRSEKFFKNYCEPVLHLAGYSVEILRTNHIGHAKTYVEELATLPDAIVVAGGDGTSSEVVTGLMRRRGNLCPITILPLGRSVQSASKRINIFGVKDVDYVKSLSKALEPMLKDESQYQSVIRFDVINEEDGSNSQLKPIFGLNGLSWGLLEDIDAAKDKYWYFGPLRHYASAASKSFADNWSLKTDYVYTPPCPGCVDCAATVQRQETAQPSGLFTRGLIKYKNNPGETKRPLVKNDNCSKKFEGSAEASQININCVQNKDNFAELESQFISSLQPGWEFIKQIPEVTCSKILPSLVVKSRTIQLHPDGEMGEKFYSIDGEEYDARPIKVSVVPNAIKVFC
CG5955,Drosophila melanogaster,Q9VPE8,10.1038/ng1867,MFRKCLASLALAPVASPIPLPRITPIASQLVQRRAFHQVPRESRPPKILITGGLGQLGIECAKLLRTQYGSQNVILSDIIKPSQSVLENGPYIFADILDFKGLQKIVVDHRIDWLIHFSALLSAVGEQNVPLAVRVNIEGVHNVIELAKQYKLRIFVPSTIGAFGPDSPRNPTPNVTIQRPRTIYGVSKVHAELIGEYYYHKFGLDFRCLRFPGVISSDPPGGGTTDYAVAVFHEALRNGKYTCYLRPDTRLPMMYIEDCLRALLEFMRAPNEQLKRRVYNVTAMSFTPEELFAQLGKHVPNLHVTYKPDSRQLIADAWPQVFDDSDARRDWHWQHKYDLSNLVDFMIKDVQDNYINVQPEQQTLQI
Transaldolase CG2827,Drosophila melanogaster,Q9W1G0,10.1038/ng1867,MGSDRTLKKQKMSVLQELKKITTIVADTGDFEAINIYKPTDATTNPSLILSASSMERYQPLVQKAVEYAKGKKGSVSEQVAEAMDYLCVLFGTEILKVVPGRVSTEIDARLSFDTKKSVEKALKLIALYKSLGVDKERILIKLASTWEGIKAAEILENEHGVHCNLTLLFSFAQAVACAEAGVTLISPFVGRILDWYVANTDTKKFEALKDPGVISVTNIYNYYKKFGYKTLVMGASFRNVGEIKALAGCDLLTISPALLKELENETESVVTYLSVSNAKLQDIEKITVDESRFRWLLNEDAMATDKLSEGIRKFAVDTVKLENLIKTYLK
TpnC41C CG2981,Drosophila melanogaster,P47947,10.1038/ng1867,MSDELTKEQTALLRNAFNAFDPEKNGYINTAMVGTILSMLGHQLDDATLADIIAEVDEDGSGQIEFEEFTTLAARFLVEEDAEAMMAELKEAFRLYDKEGNGYITTGVLREILRELDDKLTNDDLDMMIEEIDSDGSGTVDFDEFMEVMTGGDD
mayday CG31475,Drosophila melanogaster,Q9VDY9,10.1038/ng1867,MTFVNKLSKSFRWLRCSTLCAILFYMFFIGLILHSTSQKLQQQLKEQGTSSSSSSSSSSSSSSSSSSSSSTQADTKMAPNVGHNGAQRWPNTLQELEQQQQKHEQSMRLQPVANNLDSRNENNHRQPHPQSQKVQNASKSPNQPETVILAASNVNEKQILAKAFKRADRSRDGILSIQELGQYINRRIVEHIDEAIMNNAREFRRVDIGPADGLITWDEYHRFFLREHGMTEADIDEHDEIRHTALNRRAREDMMRDKARWSEAARTDLFTLTIDEYLSFRHPESSVSNLLELVDDLLRQFDQDGDDQLTLEEFSDLNVDDDDDLMRKSLISKTLVERREEFKRIIDKNHDGKADRGELLNYVNPKTPRYALQEAATLFSLCDENKDELLTLKEMTDHAEIFLQSKMIDTANSFHTEF
flapper CG11073,Drosophila melanogaster,Q9W294,10.1038/ng1867,MQFDPKTRCGGSVVSFTVMLLLIIGADFAAGRPDVRESPFALNLQPPLLQSDVTFSSGQGGGAGPKAIDSYGNPIDALRPIDTPDGRKVVSAQGVQFEIPTYASGITEIRRPADDLLPPHIGELTSTRAAAASGATSRTETEMRTRTLHETKTKTENNASTAPHTTSSRRNSINSTSTRTALAAPISTTNKLAKRESLGVQFPIAPPSNRHAPPPFSLIKLNPFAALDSPITQIGTHSSPSPLPSLCPSPKHSPIASSLATATVPTNANCSKYSIPNPLQSDAIAVALEPSTDQKPNPNSFTGTASASAPAPLPATSLTPPLHDPPSPDTTTTADVEVEQAHLVPLPQEEKEVETLPDYIRELQREDANIGGPVEWKPAADGAPLSVIAWDLLPPHQSQDNKDQAEEPTIITEAQQQPAKKVQGIVDPISHNIRISLSSGNALSPVAPTAQLQAQPQDNLNNDGPADHGTNAHVGTTTPSNPGRFPNRQRGTAHYSTTRSSSTTLRPRISTTTNKATTTTAGTTTTTPRTTTTTARTTTTTRRTTTTSTTTAKPETRTVNPVASTIGTTEDPSTFYRLENEEAYAYTLPTWLQEVTDPDLDVAVTFEVPTDNDQYNHTLANDLEPPFEPFVDLGNIQLTPPPIDRPTTTSTTTTTTTTTTTTTPAPTTTTTTTTTTPRTTTTTTTRRPSTQRTTKAPITSTHSTQEHPEPPPVKLTTTTTHHADNTPKDSSSSGSSSTTTFVNTTPSPLDAGNPFDSATIPAWLRDFDYPDVGPGVPFDPDNFGTASASSTRNPTNPPRPPTVPPVSSAFPSKVTLPLPGSSISSSSSEEPQLVLVPPADRAEAASGSDSQFGPNPGQLTQPTSNSVTPFAARFEPSASSSSSQSVEPFPPSKVEYTKSDEGKVISTPVTNNQRKTETVAPPASNTGKYTGGFGAPPGLLRPQSTNPSVSNSGPNSNPRPGSDIYVAGNQHEFSSVLKANKARPTVNPGRYNGGFGAPTGVLSPQAQAEPRPFQPINQRTEHREQSSGGNRRTESRFGGPPGILVPFDNVQRTGGQ
CG5104,Drosophila melanogaster,Q9VPD4,10.1038/ng1867,MDKLRRVLSGDEPTPEEESSIITQINDMSTLSWSTRIKGFVICFALGILLSLLGSVALFLHRGIVVFAVFYTLGNVISMASTCFLMGPFKQIKKMFAETRLIATIIVLVMMVLTFIAAIVWKKAGLTLIFIIIQSLAMTWYSLSYIPYARDAVKKTMSAILEV
Cuticular protein 76Bc CG9295,Drosophila melanogaster,Q4V6L8,10.1038/ng1867,MRFYITTHLPAILLALICLGTRPPPIGAVRGGSPVVVIDEDDETMEYAPHYEHQGYAFSYGVKDLHTGDVKSQWESRDGDGVKGHYSVLEPDGSIRTVHYTADAKKGFNAIVKTVGANSHPITESPEGSNQVNDDTSQSKINHYSKDQEHIVLSSDIKPLKRPIEDLTHSHPKVPSLIEIKPHARIKQVPMDMDPGIRDRLQQARDTYYKQIAAAHKLEDYSQKLQPTYAVQEGDWKAVIVNEPKEYRPHYTTGSPAHSHFYDHYKPKEIPHNYIHKPSVPQQSLHTSFSPSKPRINIPESISNHIHQKKVVHTTPGLKHYKYKGVSKSYSRPDYSSYFHRKPKKLRPQHPKQKPRAHRPENSGPVLFPKSLEDEFEDFEEDEQGAASATLVQNMVRKDKKHMVPMYAGGHSFDSGSYRTLEGV
Mlc1 CG5596,Drosophila melanogaster,P06742,10.1038/ng1867,MADVPKREVENVEFVFEVMGSPGEGIDAVDLGDALRALNLNPTLALIEKLGGTKKRNEKKIKLDEFLPIYSQVKKEKEQGCYEDFIECLKLYDKEENGTMLLAELQHALLALGESLDDEQVETLFADCMDPEDDEGFIPYSQFVQRLMSDPVVFD
Glutaredoxin 1 CG6852,Drosophila melanogaster,Q9VVT6,10.1038/ng1867,MGAVGSALRSPIVDMSTKQAKFVENTIASNKVVIFSKTYCPYCTMAKEPFKKLNVDATIIELDGNPDGNEIQAVLGEITGARTVPRVFIDGKFIGGGTDIKRMFETGALQKYFQ
CG5498,Drosophila melanogaster,Q9Y124,10.1038/ng1867,MGLGSGDRVNETDHFSFPASWQDNGRMQVQFAMFRSRHLDAEGYDAKMNFWMDLIAKYLKFSGRPIFSLRDLQLLFMRGDQLPACLDTVISEMQQRKQIRSRSEFEYDPANSWGGWLVNSLVKRPLSWSWSKIKHSVVTEDLEASALIEWIHLDALNNTCDLIAEKVLSENTGKLLHFNALKTLCKTHGVPTYSDKDLCACLLALNVRQILGLEFKVEKGIRQIHLIKIPKKPGDDLNISQEDQAVHNLQNTQAQLLKQLEDLEEEIKVNDDKVRQYMKENKRQMAKTYLRKRHLLEKNHERRSLALHNIESLLSSVDEAQNSGVVLDAYKIGSNTLKKVLSNSGLKYDNVDEVLADVRDTLDQHREVQDIMSNSVVENASQEDDQLEQELRELAGESAPATFSPHINNNLRAEVVITDEEMIAMLQDLEVEDGTVSQSSVKSVKTAI
CG1943,Drosophila melanogaster,Q9VI56,10.1038/ng1867,MTSTELKIGLTTSARPSSRVLKPPGGGHTNIFSEPDVAVPAPRAKYNQQNSSNLNACMGSTDPNKVVEKIREEVSIQKEEAKSAPPSQPKEPANKPAATNGEARGRVPPGGFSSGGFW
CG7378,Drosophila melanogaster,X2JEB8,10.1038/ng1867,MSWRYALLTDRYSSSIGDRYSPHYYQSPSRLETSEQTTGRQLQRVLHYSMAPSRALPGLRRAECAIHDVDCDEVYPGIYIGDAAAAKNKTYLRLMGITHVLNAAEGCRYGQVDTGHSYYRDMPSIRRSHKDCVFRYMGFPMVDAPTTDISRYFYVASKFIDSAISSGGKILVHCLVGMSRSATCVLAYLMICRKMSAVDAIRTVRMRRDIRPNDGFLQQLADLDMELKRKNLYPY
CG15449,Drosophila melanogaster,Q9VRD7,10.1038/ng1867,MSHGERKGRLNVVKFLELGFAVACLVLHFYSFNDRDIMTSFLATGTFTGYIIVVIGVFAGVLMRAPIHKRIDIFFSVLGCTLFVASGVFIIEAWEFSFRTRTRDLALIKASLSIVNGVLFGFDAVFTFRDK
Treh,Drosophila melanogaster,Q9W2M2,10.1038/ng1867,MFKLPTISLLLVSWSCLVALSQAKTYSLPDLTTDYNNAIPVDEEEAQDPFASCKIYCEGNLLHTIQTAVPKLFADSKTFVDMKLNNSPDKTLEDFNAMMEAKNQTPSSEDLKQFVDKYFSAPGTELEKWTPTDWKENPSFLDLISDPDLKQWGVELNSIWKDLGRKMKDEVSKNPEYYSIIPVPNPVIVPGGRFIEFYYWDSYWIIRGLLYSQMFDTARGMIENFFSIVNRFGFIPNGGRVYYHGRSQPPLLTGMVKSYVDFTNDDKFAIDALDTLEHEFEFFVNNHNVTVKNHSLCVYRDSSSGPRPESYREDVETGEEFPTDEAKELHYSELKAGAESGMDFSSRWFISPTGTNDGNRSALSTTSIVPVDLNAYLYWNAKLIAEFHSKAGNTKKVTEYETKAEKLLLGIQEVLWNEEAGVWLDYDMINQKPRDYYTPTNLSPLWVKAFNISESEKISASVMAYIERNKLDSFPGGVPNTLSYTGEQWDAPNVWAPMQYILVEGLNNLNTPEAKNMSLKWATRWVKTNFAAFSKDRHMYEKYNADEFGVGGGGGEYEVQTGFGWSNGVIIEWLSKHGRDISIGSGCGCLAGEKRQ
Est1,Drosophila melanogaster,Q9VIC3,10.1038/ng1867,MEIRVGVGDLLKMGTKLIGHKIVQYRLGTKQTKVVCTRDGQVRGHRRRTLYDEEMYFAFEGIPFAQPPVGELRFRAPQPPHPWLGVRDCTYPRAKPMQKHFVLSIVEGSEDCLYLNVYSKRLRSDKPLPVIVWIYGGGFQFGEAGRDFYSPDYFMQQDVVVVTFNYRVGALGFLSLADRDLDVPGNAGLKDQVMALRWISQNIAQFNGDPQNITVMGESAGAASVHALMTTEQTRGLFHKAIMQSGSMFCEWANEPSGRWAYRLACQLGYSGSENEKEVFRYLQKAPASEMAAQGITLVSQEERRQYVLFPFTPVVEPYITRDCVLPRCHREMLPEAWGNDLPLILGGNSFEGLFSYQSTLHDEEHMLSAFEVLIPREIREKSTQSHLKDLLRQFKVDNFDDATRGRMEFNECLHILSVKHFWHGIHRTVLARLSHAPATPTYLYRFDVDSPHFNHFRQVMCGKHVRGVSHADDLSYLFYHILANKVDKSSMEYQTIQRLVGMWVAFARNDNPNCPQIGPTTWEALDEKGPQMCLNIGKQLEFIVLPESKQNRIWDRLYDKNDLF
CG2767,Drosophila melanogaster,Q9VHX4,10.1038/ng1867,MVNTKFLTFNNGEKMPVIGIGTWQASDEEIETAIDAALEAGYRHIDTAPVYGNEKAIGRVLKRWLDAGKVKREELFIVTKVPPVSNRPHEVEPTIKKSLEDLQLDYVDLYLVHTPFTININEDGSFKLDKEGLMEVDVTTNHAAIWVAMEALVEKGLTKSIGVSNFSKDQVARLLKNCKIRPANNQIEHHVYLQQRDLVDFCKSENITVTAYSPLGSKGIAKFNAGAGIVRDLPDLMDIPEVKEIAASHGKTPAQVLLRWIIDTGVSAIPKSTNPARLKQNLDVFDFELTAEEVAKLSSLDQNIRICDFAFFHGVERHPEFTFKNQYTN
Autophagy-related 13 CG7331,Drosophila melanogaster,Q9VHR6,10.1038/ng1867,MSAQRLNAAERDLEKFIKFLVLKSTQVVVQSRLGEKMQTQCNPLAGSDWFNIAVQDHPEVLDETKRALNLKTGESILQRLPLCVEISLKTTEGDQMVLEVWSLDLLQPQNGASPATNDLNPEGQTLKAAHAIYNRMGIMLKSLISLTRTTPAYKLSRRQCPDSYGIFYRIYVDRPQVHTLGEGHKHVKIGQLSTIVGSLVMSVAYRTKLTISPTAAQSESNTIMLKSDHFRPATDANTPGNQQQTQNGTVVAKKLGLGALNPAQGTADRRFIDIEKPLRPGAFTDMGKLKQYTEDDFVLPETPPFEWLLRGRGSVESLNRLDNNSVASVNISNNNNSTQDSKFNQISNLNNNSAGFKSFEKNSENSVSPIKSLLIPASATATYRHHSEPSLQPPPDDDNLLKELHFPFASPTSHVNDLAKFYRECYHAPPLKGLNELQAEISSISSTPPASSGSGGVAACGPTAAATAIATSSADASAMDDLSRQLEQFETSLEDYDKLVSQFGLTGSSSTGSRSSGGLQMSN
Mfas,Drosophila melanogaster,Q86B94,10.1038/ng1867,MLRLWACLLLLGSIQIQAVPFYGDSSSEEVAEFDDSSDSTHESSDNSSFMPHLTHPLPAHRNLFAPLPFAPLAPLEPQDPLHAQASQRMASVWNGPAPLAPQLHSSHLLPLFSSGYDTEFVPLEHQQQPQGRQETAATVPAQTPSGVEQKPFNVDTITTDVNSPNPAIFFQQSFPFFGNEFFNSFGGFGFGAAQEPWWKGPNVCTEKEEDETVASETEAEETVDTFGQERDGVTNVVRSPLFGQFQFSVNSCAEKPNKHVCTKIVNQNGKKKTLTLTRQCCYGYGRPRNADFTTPCEKIDIKDVEATASDMGAKQFLESARTAGELADMLGAGSGKKVTLFVPNDAAFMEYRGHHQQENNVEDAKAEASKPSIYKLHAVLGEVQLEDVPNEKLLQTELPDQKIRINSYQLPAALGLEPYRFAANCVPIEKHDKLSEQALVHTLGGVLKPLTKNLMDIIRERADMSIMRTVLEKTNLSAMLEDDKPVTIFVPTDAAFDKLEPHLRRALKEGRGCASNILKNHLLDLTFCSLATVPGAKTTAYNLLGEPLLLNRTHRAANQTGPTPIYINNLAKIIDADIMGTNGVLHVIDTILPTESALPMTSLMSQKNLTIFQRLLEASGYDDQFDDLDNVTIFAPTDKALQNTEWARMLKEQPELLNHNLDLLEFLNYHVVKPMIKTCDLSEKSLPTVAGSSVRLNLYSTHALFSDVMNRATVNCARLVHFDDESCGSVLHQVDRALAPPKNNMLKLLEANPNYSKFLELVRKANLTQLLSNDSRSLTLLVPKNDIFEELNESGEGSKPADPMALVKTHIVEDVVCCAGIIPTNWPFVRSIESISGQHLRITRDRRPKIENAGVTKCDVVATNGILHEINDIIVPRPQRQQQQRPQLIPPGAGYQPQGDFDVFF
Obp56a,Drosophila melanogaster,Q9V8Y2,10.1038/ng1867,MNSYFVIALSALFVTLAVGSSLNLSDEQKDLAKQHREQCAEEVKLTEEEKAKVNAKDFNNPTENIKCFANCFFEKVGTLKDGELQESVVLEKLGALIGEEKTKAALEKCRTIKGENKCDTASKLYDCFESFKPAPEAKA
CG11458,Drosophila melanogaster,Q9VP98,10.1038/ng1867,MRFALLAVLLIGVIFAFVSAGGGGGGGGGQGGWQKNGGGGGGGGQGGWQKGGGGGGGGKHGGGGGGGGKHGGGNGGGGKHGGGGGGGGGGGKHGGGGW
Phosphatidylserine synthase CG4825,Drosophila melanogaster,Q9VPD3,10.1038/ng1867,MKKRTNSRGTPTSSGDALLDTSFSSAGDAERDHPAYKSGAASAPATPTKRRDGSDGSVSSAGARRKRKDEIAQTFVIVNERPVDDISLDFFYKPHTITLLAVSVLAVMYFAFVRNEANVDENLWAGLLCIVFFFLIVSVIAFPNGPFTRPHPAVWRILFGCSVLYLLTLQFLMFQNYPTIRSIFYWIDPKLKNFHIDMEKEYGVNCSDISWDRVKGHLDVFAWGHFLGWAFKAILIRHMGILWAISVMWEITEITFAHLLPNFIECWWDALILDVIICNGLGIWMGLKICQILEMREYKWASIKDISTTTGKIKRAMLQFTPESWSAIRWLDPKSTAMRFAAVIQLVIFWQVTELNTFFLKHIFEMPPDHFIVIGRLIFIGLFVAPSVRQYYVYVTDTRCKRVGTQCWVYGAIMVSEAILCIKNGKELFERTQAINIVLWLTVQVIISVAFVYLAVYWQQRQLKKVSSTPAKTKETIPASSSSPSKGKLSPQKEKKLK
Dh,Drosophila melanogaster,Q9VH98,10.1038/ng1867,MMKATAWFCPVLLTLLCATRLVCTAQRGAVGAGGAAGGSGAAAGGAEVGGSGRTNGYPLDYPDGTRNSQDDFLLAKRNKPSLSIVNPLDVLRQRLLLEIARRQMKENSRQVELNRAILKNVGKRVVLRGGGGGGGSGAGGLAPKVSRRYRQQWPVERELERERQRERERERDAVREEQLDRQQLLPWKHFPSQLWSYGWALSPYKESSQLQFADSQQSASTGPQSQALPKQLQLLSYAKKPLDVAGMSLARHRVSGNEANETNHENDDGNGASKNPARYVDDGDNEGEDSYNDVGTEGVGLGLGMGVGLGLERFEVLEDKPNWANEEPNELVVVNANDRVPWSFPYRFHKSQHNVN
GNBP1,Drosophila melanogaster,Q9NHB0,10.1038/ng1867,MPGLCIGILLLIGFGCTTAYKIPTPTVELLETGFSVSIPDEEGVKVVAFNVNRNRNFTSFINEGQYNVRLTEPQNGRWTTNFSSVPLRSQDVLYLWTSVQHQKAVYQDLAQPLPVCNLGGEYRPRGCSPGDDDFTDDNQLSTEDSALEPTAPSVCEPSESQVSPQIGVSICKGQLLFEETFDQLNESLWIHDVRLPLDSKDAEFVLYDGKAKVHDGNLVIEPLLWSSYRPDLSIANSRLDLSERCTGTHNRIKECILHSTGSGPSGIMPPIVTPRISTKETFAFQYGRIEIRAKLPKGDWIVPLLLLEPLTEWYGQSGYESGQLRVALARGNSVLRMPRGKLVDGRSLYGGPVLSTDAHQREDLWLSKRKISHFGDDFHTYSLDWSSNRLLFSVDGQVYGEMLNGFTELDENPRWKQGGPMAPFDKMFYISLGVSVGGFGDFVDHLRTATYEKPWANYHPQAKLQFHQAQDQWLPTWKQPALKIDYVRVFATDN
CG10444,Drosophila melanogaster,Q8SWV5,10.1038/ng1867,MPVGTFDAWDAAVLITILVISALIGIYYRYTGGKQKTTQEYLMADQSMTTFPVSFSLMASFMSAISLMGVSNESYEFGTIFCVINIAYVLSTPIAAYFFLPVFYRMRTTSVYEYLERRFGQATRLSASLAFTVQMVLYMGIALYAPALALEAVTGIHRSMAIVVIGLVCTFYSTLGGLKAVLITDVFQSFLMFAAIYAVIAVSAIKAGGFAAIWDVAVERGRVNFIEFSLDPTVRHTWWSLIIGGMVTYLSLYGVNQTQVQRLLSVRNLKSAQSALWWNLPILGMLSFSTIFSGLSIFYYYRDCDPLLKGRIDKRDQIMPLFALETMGQYPGLCGLFVSGIFSASLSTISSAVTSLSAVTLEDYLKPLYKAIFKRTLIDSKSTMPTKIVACIFGLLCIGLAFVAGSMGGVLQASLTIFGVVGGPLLAIFTLGVCTTRSNQRGVLLGFLVSLIVSFWMGFGGPKPKPVTLEFSTAGCENATAVMARAIELSSKSSGVVIEPDYFWLYRISYLWLSVIGFLIAVVVGYFSSIVLAHCGKAENAEIYLDKSRKQLDYDLFAPMLSRRWRRHKEEQDQTAQDETLTKLTEQ
CG13252,Drosophila melanogaster,Q9VPC4,10.1038/ng1867,MPYSHTPRRCLHQMLIIYVLIFVSSATTLDQEPLPDLCQSVKCPPDAEMQCPADSSIRHNLLAVDLIKSNAVELPNASEMASAADGVSYNRGLISDEDYVQCCLNRKCVCKTCYIPDCPSDADEDVVVVELVPENNQTPGECCGTYECQAEPNCTVVRDTDFHWLKQCRRCKCESGLKICHKTCDERAEGVCQSKISGMFYKDGENWTENCKTCECEKGEPKCTMSFCGNLNCPSEQQVMLKDTCCPVCWPKCAPMPHEKQDDGSYEDYVDESETPEEDSLPPLLPDPLTTQQSAELVATSTTTSSNGTTSTTVVPLAATVNCNNAFDQPKVVEVVNQTNYYFYWLVPYSVIASIAIVVMSFYIYQQRAKKRSYDPVSILDHSI
Cuticular protein 11B CG2555,Drosophila melanogaster,Q9VYM0,10.1038/ng1867,MLRPLLTVALVLFGFSSAILAGRLSQRYLPTPQASQLHYHGVSGQGQARPGAGHSFGGGSSYQRQQQPQIPIVRSDYNSDANGNYNFGFDTGNGIHRDETGEFRGGWPHGSLGVQGSYSYTGDDGKQYTVNYTADKNGFHAEGAHLPVSPSVPAAPAGRSSYGAGGSGYRGSASSHVPAAAPATRYLPPGYRQRRHY
kek4,Drosophila melanogaster,Q9VK22,10.1038/ng1867,MAIKLSFDPCSISLKHLSLFLFKIYCLALIFRSASADWLLDCGNCHCKWNSGKKTADCRNLSLSGVPEYLSPEVQVLDLSHNHIFYLEENAFLTTHLQNLQKLLIRNGTLKYLNQRSFTQLQILIELDLSNNLLVDLLPNVFDCLSKVRAIFLNGNLLQALRHGVFRNLKYLHKIELKRNRLVSIDAKAFVGVPLLSQIYLDNNELTKLRVESFQDLTKLTALSLVENPWNCTCDLQMFRDFVIGMNLYTPPTSCHYPLQLRGRLWIEDQPEAFACKPKIVYPTLSTSINTSKENVTLICRVHGSPNTVIAWDYTNQVYESRSKPVKSLQKQRIYIELLREDESKIRKFGHDVFVSRLTIVNARKSDEGVYTCLAENPGGKDSVHISVVVQKDMERISLIDSNFFAIVCLIAMGFLSMSILFSLVTCLIFKRFKQFHPGQHTYLQPTSLPVQSPGSEEATAISALSSGVIRESKIVLDPLSAINEPSNKNYTLFKTSNSNGSEYMHTRNYKDVRLNSNTYTENLDNQAESISSRNRELYSNIAGDREKEELKQKDELDKDSRQSSLQSTGCSRKKGQIDELQPDLLPSTQPTALKNINETFGPSAKKAEVNPRSKYNTNVQKYLKEKYGSVRIKNISTKEPITGVDISI
Esterase Q CG7529,Drosophila melanogaster,Q9VP25,10.1038/ng1867,MRRRGVYVMLTLCGVLTAGLTAFLVIFLTGGQGADASETATVTVELYNGQGTVLGNYAYTAWTDRAFMQFRGIPFAEPPIEELRFRPPVARSPWTGTLNALNFGQRCPVITNLDSQMSDAELEDCLTLSVYTKNLSASQPVMFYIYGGGFYNGSSEDHPPNYLLEKDVVLVVPQYRVGALGWLSTYTEELPGNAPIADILMALDWVQMHISSFGGDPQKVTIFGQSAGAGVASSLLLSPKTGDNMFKRAIVQSGSIFASWAINKDPKAQSRRICIQLGCSGCEQHDQLVKCIQKAKVIDILKATASESFSPIVGDLHGILPQQPSELVKSYRRQIPILTGFTQHDGSFVLASYYDALAAKVANVSSLSVRQFSQGINDLVNDTSGLTDNILNRLLFKPQALNSHDHSAAVSSYFDLTTNIFMKSPVITLATKMYTQQRSTPVYVYSFEYEGTYTRFGYEFGNSHYPFNGGVHHSNDNIYLFATHPLEGQDTQMSQKMVDVWTSFAIEGVPRNLSPLSSASGPYNKLNLEVTKGDDLLDTLTAAIDDPDNGRLQREDMEF
CG10098,Drosophila melanogaster,Q9VI64,10.1038/ng1867,MTNGDCFVVLPENCAEGTLIIGRNAEDEKNVNVASEVCFYDATEVLEGKTDGGASAETGGDMLRVILQKPQPGLWGGDFGANERGVALGLTWAAGENEAKDSDSLLGTDIVRLTLAVAKDVDDAVDRIGALVASHGHDNSKLNFIACDAAAAWLVSCSGKVWAAEKLEASFLRLPSGGLAVTTVVNKSSEGLDDAASFAAAHDAEAQAPAVDWCGPKPAGDGTYTQHDMFETLRSASNASSSRAATVSVLSVKGISCHWFTGTPNAAESVFKPFVFAPNPRISPLTQVQAEADLTLLHKLHSQRKPAALEHLRSLELSCVDELNNYFSLQDHASDELDELLKDCVEAEVKFYR
Nimrod C1 CG8942,Drosophila melanogaster,M9PBB4,10.1038/ng1867,MDFTAFSLHFVCLSLSFGTSFAILRHGLNDCSHPESVPYNRKVLKSKLVPFQQYSYFHGWVTKYRHQYVYEDETAYRTVMRPSCCEGYEGSVENCKPVCRQQCPQHGFCSSPNTCSCNAGYGGIDCHPVCPTVCGKNEFCDRPGVCSCQNGYKRTSPSDNCLPVCEKECGHHSFCSEPGKCECEPGYEKVGNGTVFPDGYKNNSNGNCSPICPKDCGQNSRCVRPGVCECENGYAGDDGGTNCRPVCSTCPENGLCLSPGVCVCKPGYVMRNDLCQPHCEKCSDNAHCVAPNQCECFPGYESSGADKKCVPKCSKGCTNGFCFAPETCVCSIGYQMGPNQVCEPKCSLNCVHGKCTSPETCTCDPGYRFKDNSHHECDPICDSGCSNGHCVAPNFCICHDGYQLNSTNPVTSMCQPICKGCQFGDCVAPNVCECNVGYENINGLCELQTTTDSYEYSTTTVELQSSTVDPQLQTSTSEVPHSNCTAGCMCWIEYDGMGTFNTAKCAKICVDPQDKPCLNLDNCQCDLSSGQLVCQEDSDMDYSGENSRYVCHILPEQGARSEAEVRIPDRTGSSNKWMIIVGSCAGMIIGVAATIIGIKYYRRSTSRRNFEAEEAIVECDFE
Mub CG7437,Drosophila melanogaster,M9NEH9,10.1038/ng1867,MEDNNTSSSAGGASIKHEDPSVTLTIRLIMQGKEVGSIIGKKGEIVNRFREESGAKINISDGSCPERIVTVSGTTNAIFSAFTLITKKFEEWCSQFNDVGKVGKTQIPIRLIVPASQCGSLIGKSGSKIKEIRQTTGCSIQVASEMLPNSTERAVTLSGSAEQITQCIYQICLVMLESPPRGATIPYRPKPQVTGPVILANGQAFTIQGNYAVPTQETCPVFPLALATGGLHAGISGLADPLLKGAHLQGAIPAHHHHLQQMPDVAKNPLASLAALGLAGMNPASTGGINHTANPANRAQQQQHEMTVSNDLIGCIIGKGGTKIAEIRQISGAMIRISNCEEREGGNTDRTITISGNPDSVALAQYLINMSVELQKANLLEQAQSQQNGGAAAAPGAAAAGVAAVTGAAAPTSATNGAITTVTLTSGTGVVGAGAAGAAGVANGANPAANGGGSNGTISATGYASANGGQATNGSVGVNPAAAAALSSPLASALQLLTKPGALSALSNLSALDLLNLTTLGNTNGAGANPGGPPVQTTGVNRAKGHYATSRFRQHQTETGGEAEKPRNKFNPY
pros25,Apis mellifera,P40301,10.1111/gbb.12087,MATERYSFSLTTFSPSGKLVQLEYALAAVSGGAPSVGIIASNGVVIATENKHKSPLYEQHSVHRVEMIYNHIGMVYSGMGPDYRLLVKQARKIAQTYYLTYKEPIPVSQLVQRVATLMQEYTQSGGVRPFGVSLLICGWDNDRPYLYQSDPSGAYFAWKATAMGKNAVNGKTFLEKRYSEDLELDDAVHTAILTLKEGFEGKMTADNIEIGICDQNGFQRLDPASIKDYLASIP
l(1)g0232,Apis mellifera,M9MS42,10.1111/gbb.12087,MAVKQFIDLCNNLGANCSTTTATSPSTSSSSASSTQNLIAVVPPQLQQLQVQLPAPGGGGGAGAGGGGGGGGGAAPVRRHISHTTAVKFLYARKFDIPRAVSLYEQHEQIRLKEYLYNIDPDVEPLRSELQTGKFTILPARTSSGAAIALFTANRHSPLSVSHTTTLQGIVYQLDSALQDSETQRAGLVFIYDMSGSKYSNFDYDLSQKILTLLKGGYPARLKKVLIVTAPLWFKAPFKILRLFVREKLRERVFTVSVPQLALHVPRKALPIHLGGTLEVDHATWLLSCRQSMTNREDELLANIVGVGGGSGSGSAAGSAAIVSTNGTETEAATTAATIISAVHQLGDNNTTVVTVSNGVGPAGSASGGATTAASAATEPNENITINGLSPSHRQAANNSSSSSSSAATVANPLKLNTSGSADNNSTITNATTAAGAAGAAAGTTTNGGGEFWSENPPSSASSGFSDDDSLAGQEGDPKPIDQIVQMVKQRGRHGLIKEYADIRNRAPEGTFLHARMRANLTKNRYTDVLCYDHSRVVLAHEDGDEPSDYINANFVDGYKQKNAYISTQGPLPKTSQDFWRMIWEQHCLVIVMTTRVMERGRVKCGQYWEPTEESSLEFGDYHVRTISVECNEDYMVASLELRNIKTDEIRNVSHWQFTSWPDYGVPSSAMAMLNFLQKVREKQAQLVQGLGDTWAGHPRGPPIVVHCSAGIGRTGTFITLDICISRLEDVGTADIRGTVEKIRSQRAYSIQMPDQYVFCHLALIEYAYSRGMLQTVDLAGFDEREPDSE
ckII_,Apis mellifera,P08182,10.1111/gbb.12087,MSSSEEVSWVTWFCGLRGNEFFCEVDEDYIQDKFNLTGLNEQVPNYRQALDMILDLEPEDELEDNPLQSDMTEQAAEMLYGLIHARYILTNRGIAQMIEKYQTGDFGHCPRVYCESQPMLPLGLSDIPGEAMVKTYCPKCIDVYTPKSSRHHHTDGAYFGTGFPHMLFMVHPEYRPKRPTNQFVPRLYGFKIHSLAYQIQLQAAANFKMPLRAQRGQPPKDEEPENNADTVPKRL
hsc70-3,Apis mellifera,P29844,10.1111/gbb.12087,MKLCILLAVVAFVGLSLGEEKKEKDKELGTVIGIDLGTTYSCVGVYKNGRVEIIANDQGNRITPSYVAFTADGERLIGDAAKNQLTTNPENTVFDAKRLIGREWSDTNVQHDIKFFPFKVVEKNSKPHISVDTSQGAKVFAPEEISAMVLGKMKETAEAYLGKKVTHAVVTVPAYFNDAQRQATKDAGVIAGLQVMRIINEPTAAAIAYGLDKKEGEKNVLVFDLGGGTFDVSLLTIDNGVFEVVATNGDTHLGGEDFDQRVMDHFIKLYKKKKGKDIRKDNRAVQKLRREVEKAKRALSGSHQVRIEIESFFEGDDFSETLTRAKFEELNLDLFRSTLKPVQKVLEDADMNKKDVHEIVLVGGSTRIPKVQQLVKDFFGGKEPSRGINPDEAVAYGAAVQAGVLSGEQDTDAIVLLDVNPLTMGIETVGGVMTKLIPRNTVIPTKKSQVFSTASDNQHTVTIQVYEGERPMTKDNHLLGKFDLTGIPPAPRGIPQIEVSFEIDANGILQVSAEDKGTGNKEKIVITNDQNRLTPEDIDRMIRDAEKFADEDKKLKERVESRNELESYAYSLKNQIGDKDKLGAKLSDDEKNKLESAIDESIKWLEQNPDADPEEYKKQKKDLEAIVQPVIAKLYQGAGGAPPPEGGDDADLKDEL
med22,Apis mellifera,Q9V439,10.1111/gbb.12087,MASGSRTTILPQSKEALLKSYNARLKDDVRSMLENFEEILKLARRESHSQISKTTQCEQDALEMQVRAANMVRAGESLMKLVADLKQYLILNDFHSVNEAITNNSQLFRNTQSECDKKLMKLRDEMAMDLYDLEEEYYTSIFK
psf2,Apis mellifera,Q9VQY9,10.1111/gbb.12087,MDPSIIEFIGEKCMISIIPNFSNEPLHLIYGPVGPFRAGFPVFVPLWMATHLRKQQKCRIVPPEWMDMDILEEIKEEEKRSKFFTKMPCEHYMVVAQLVMSTAPDDVPRCEELRTVIKDIFDIRESKLRTSIDAFIKGEGTYAKLDNLTLLEIHSVRPILPYSLDHIARYQRTATASQRDTSMLSASMAGSSSGPNSNSLFSQ
GB53860,Apis mellifera,-,10.1111/gbb.12087,MKLILLVTLLTVLYTVQYSNSAAVRSEEFAEQLRRIVHEMHPDNLRTQRATESGNDDRPKRNCYDTPCGWNTYNPVTRRSTIFMPNTCKCPDETYKCVRTGENVSMSAYVYHCRQNTTADDIEGETAEDMDYLS
inos,Apis mellifera,O97477,10.1111/gbb.12087,MKPTNNSTLEVISPKVQVDDEFITTDYDYQTSHVKRTADGQLQVHPQTTSLKIRTGRHVPKLGVMLVGWGGNNGSTLTAALEANRRQLKWRKRTGVQEANWYGSITQASTVFIGSDEDGGDVYVPMKELLPMVEPDNIIVDGWDISGLHLGDAMRRAEVLDVALQDQIYDQLAQLRPRPSIYDPDFIAANQSDRADNVIRGTRLEQYEQIRKDIRDFRERSGVDSVIVLWTANTERFADVQPGLNTTSQELIASLEANHSEVSPSTIFAMASIAEGCTYINGSPQNTFVPGLIQLAEEKNVFIAGDDFKSGQTKIKSVLVDFLVGAGIKPVSIASYNHLGNNDGKNLSAPQQFRSKEISKSNVVDDMVASNRLLYGPDEHPDHVVVIKYVPYVGDSKRAMDEYTSEIMMGGHNTLVIHNTCEDSLLATPLILDLVILGELSTRIQLRNAEKESAPWVPFKPVLSLLSYLCKAPLVPQGSQVVNSLFRQRAAIENILRGCIGLPPISHMTLEQRFDFSTITNEPPLKRVKILGQPCSVESVTNGKKLHANGHSNGSAKLATNGNGH
chord,Apis mellifera,Q9VCC0,10.1111/gbb.12087,MEQCYNRGCGQLFDPQTNNDESCRHHPGEPFFHDAYKGWSCCNKKSVDFTEFLNIKGCTLAKHSNVKPPEPEKPVKDESDKDEVIEVRAPIREALPRPPIDSPLTVIQPTVAPALKDMVFAVKTPAAQKSSDAIEVGTTCKNNGCTYSFTGNSSDFGECTYHPGVPIFHEGMKFWSCCQKRTSDFSQFMAQKGCTYGEHKWVKENDDKKVVQCRYDWHQTATNVVMAIYAKKYDYSQSVIELNPIRLHVNLVFPEQDNARFDLDLELRGIVNVSNASAHMYGTKVEIKLPKLEPGSWSNLNFPNKKLPVVKKSQVEEKKKQEESDEEFFDLDDIKAETSFRLSEMSMQSPNNLD
drat,Apis mellifera,Q961L4,10.1111/gbb.12087,MPVDICSQPHNLLSSMSGTTDTSLSLNSLSLTSVLPPTDPDHHNPHSTHSTHNMNKLCRQVSIESPGPGAKNCVFNFFVPIEDTPALGARIRIVCAGACYRRRDRANSITSMSSVSSELSDYCPSVNSMSSPAHQGIREGSFFPGFEVAGVIESLGSEITEANNRGLRIGQRVIVYPFDETPAGYAELLVVPDLKHVVPIPDSLPMEVAAMLPTGALLAWNAVFKAQAVVTQILSQRAATEPKRKPKILIVGTGGLALWAVRIASYHFATTGADNVDITVASLRDEGFRLATEIKNVSVVQWNECLYEPQLIERTKDVCGGAVDVVIDFGTTSRSLHRSMHCLSKGGVVLISDEVAEKLLPKFSRLSEQYQQEIIAISNGTAEQLAELVELVANKKIEPPPHSVFPCEQAAEVIAKLCNSEIPGRAILRFHDIE
moody,Apis mellifera,Q9W534,10.1111/gbb.12087,MSDETTISLEDGYPPLEALTTMVPPADATGFSQSLLTFAAVMTFLIMIVGICGNLLTVVALLKCPKVRNVAAAFIISLCIADLLFCALVLPFQGLRFVQGTWRHGQVLCRLIPFIQYGNIGVSLLCIAMITINRYVMITHHGLYARIYKRHWIAVMIAACWLFSYGMQLPTLLGEWGRFGYDSRLQTCSIMTDDHGHSSKTTLFITAFVIPCLVIIACYAKIFWVVHKSEQRLKRHATKQNSIPNNLRPLASTGSGALPSGAECQPSNRVSSDSSSSFSIDVPETAPSGKQQPTRVKDQREVRAKRNEWRITKMVLAIFLSFVVCYLPITIVKVADKNVEHPSLHICSYILLYLSACINPIIYVIMNKQYRKAYKTVVFCQPARLLLPFGKTNGASSAAEKWKDTGLSNNHSRTIVSQMSGGTGAASGAGTATGTAAVAVMQTPPEVQQAQALEMVSRGPDLISKSNLPQPNVTPPPPSVLTATPNGSNSNSLTLRLPLKKNNHCYTNSGFNSSTPSPSSGLGIGISSSSIYRPGVGSLGSGSASIRRITMVGDDIILEEEELPPTPPATSAPTTPAPPPPSSPLHPLSTDSSTTTISGGAVVAGSSAPKPATPTPHIYMNVDSPKRNQYYMDRNTNAVAPESDSGPANTSATVSISGSKLTAKMKFPKD
mah,Drosophila melanogaster,Q9VC02,10.1073/pnas.1618354114,MFFFRRQNAKPAPRPSRAPSFALPKRRPPVQLTPSHQHDQLPFLRRSRFSALPHFRAYEDEPENLSLFIAILYVVDLFGIFPFVTLPALLVKLGYFGILLVLSIIILQIYTSFLLSQCWTMAELLDPSIQQKRNYPYAALAELAYGPYMSLLVSVLLDLSIFAMAVPSVVMAAQNLEGVVLRMSAGQYNFSYCYWAIIVGLVICPLMWLGSPKHMRGLAIIAVCVMIVIVALLWFCLFAAPAIGTPFEGISLELPGFLTVLNSYSILAFQFDIHPVLLTLQIDMKQKSQVSWAALIGIAITCSVAIFGSIIAAYKFGSMIADNLLQSLPTSVPFYVMLILMALQLCFSVTVASSAMFMQIENYFKLPESLSFKRMLIRSSVLALEVLVAEFVPSFDALMDVVGGTITGPLVFILPPLLYRRIRRMERVHQRIAAEASYGSLPLDLNYDPVDLEMEPLLVISPPTTPRGCWLRFVRLLHRLECDVSCTMAVLIFGLLATFLSTYLNIFSLASLFTNNSPCLSNLTKHF
tailless,Drosophila melanogaster,P18102,0.1038/ncomms4177,MQSSEGSPDMMDQKYNSVRLSPAASSRILYHVPCKVCRDHSSGKHYGIYACDGCAGFFKRSIRRSRQYVCKSQKQGLCVVDKTHRNQCRACRLRKCFEVGMNKDAVQHERGPRNSTLRRHMAMYKDAMMGAGEMPQIPAEILMNTAALTGFPGVPMPMPGLPQRAGHHPAHMAAFQPPPSAAAVLDLSVPRVPHHPVHQGHHGFFSPTAAYMNALATRALPPTPPLMAAEHIKETAAEHLFKNVNWIKSVRAFTELPMPDQLLLLEESWKEFFILAMAQYLMPMNFAQLLFVYESENANREIMGMVTREVHAFQEVLNQLCHLNIDSTEYECLRAISLFRKSPPSASSTEDLANSSILTGSGSPNSSASAESRGLLESGKVAAMHNDARSALHNYIQRTHPSQPMRFQTLLGVVQLMHKVSSFTIEELFFRKTIGDITIVRLISDMYSQRKI
Atrophin / Grunge,Drosophila melanogaster,M9PHT1,0.1038/ncomms4177,MAASTQGEIRVGPGHQVNDVYAKLPDYNPISSFPIDKETDERELEESRWSPGVVADGDLLMFLRAARSMAAFQGMCDGGLEDGCLAASRDDTTINALDVLHDSGYDPGKALQALVKCPVSKGIDKKWTEDETKKFIKGLRQFGKNFFRIHKDLLPHKDTPELVEFYYLWKKTPGANNNRPHRRRRQSALRRNRVTRANNSNSNTPPKKEDTPEPQTATTATAAATAASETASRSSPAVSKEENSSLTEDDASECDSDSSLTHKRDESPSRMRTRNKQQNNNSSTSSGNNTAGNGGGNATSISSGSTGGGAAGGNSSSKDQSANAVANGKRPKRGSETPDVSGGASVDSPKTPTKAVAESSANKRKGGKQDTPNKKKRTEQESNEPSAHEENAIKEKRKRPDSPVESMNSDSRPDSVLDDGESNTTDTTTAEQQSTKDSKETVSCKEEREMVTNDLEAKAEEKAIKAEALAEDSKDSAIKNMDEETNIQAPSSADTSLVDGPNPNALPSPVAAPITMKVPTIATVEALNASVDRKEAIEKMESCDSDPEMLKKLATIKQEVSPQQQQHMQQQSQQQMQQQLAPVGIPQPPSCPPSESVYIKKEPMEDSMDATCNQNSNEPQDLKVKIEIKNEDALKHSAGGLPPSGPCAPPSALHPLSGAPVESGQEPLHLQHMPHGQVTTQPPPGYLIDGQLKYGPSGQGVPPQPPQLHSDAAGGVSGAPPGAPTTPQKYPPEMEMKFAPQDLKYPPPPPLDALKYSQEMQAAAAAAAAAGKYDMKYMMEQQGKYNVELSAAHQPPSKPGYQDSLKIPDIKPGFGHLPHNVGSPLDAAHKYGPPPTSQESQQQQPQPPAHQVPPGATPPPGIAMPKPHYQHDVQTPPLGRPFEPTGLMLKYGDPLAAKYGPPQDLKYPMPPVSQAGPADVKPYGGENLIKSSPYGPPPESPIDASARSTPGQDSQGSNSNSQPPSMPPQPQQFQSPHPSPHMPSPAGGGLPPGMHPQNLIHGPPPGAAGGSGPQPPPPPTSLHQPTPTSAGPPSLQHGLHPGHQHSQLSVASSIPPSSIGIPPTLSTMAPSHMHPHLHPHAHLQGLHRPHDLPPSMHPHAPMPLSLQGHPQHGHGLPPSHTSQQQQQQQQQQQPGGPAGTVRTPSPAQQPPRSMHDPQSSREPPTSQPSTTMAGSSGPGGPPPQQSPHAHRTSPLPGLAGSGPPPPGLIGHPMAIHPHLAHLPPGHPAHAALAHPGHHLLSHSIAGLGPGGGPIALLAGPGGLGGIPESALSRRTPPSHLPHSHASSAPLTAHSVASMTSTSMSLTTSTVPSSAFSRASPSVQISSSGGGPSGPGSVGPGGMPNSSAAAAAAAAAHRAASPASSVSSLSRQSPLHPVPQSPLSHHPSSSALSAAAAAVAERDRHALMRQQSPHMTPPPVSNASLMASPLSKMYAPQPGQRGLGTSPPPHLRPGASPPVIRHPQMPLPLPLIAPGGGIPQIGVHPGQSPYPHPLLHPSVFYSPHHHPFNSPYGYAPYGPGFPAYMKPPPQPGQLDPAAVMAAHHAGLQGPPPQQMRQDEQNAAAAAAQAAAEKQHQAAAAAAAQQHKAPQQQQPGGMPPNKPPTPKTPQGPGGGMPPGMGGPGTPTGLPPGAYPGSHMPGYPQGPPHGSPFAPQDGQPHGLKPTSHMDALRAHAHSANSAGMGGGHHPTEPLPIDIEPDPEPEIPSPTHNIPRGPSPEAKPDDTECHRSQSAIFVRHIDRGDYNSCTRTDLIFKPVADSKLARKREERDRKLAEKERERRQQQQQQQQQQQQQQAAAAQQAAQQAKMKAELKPPYADTPALRQLSEYARPHVAFSPVEQMVPYHHPMGPMYRERELEEIKNAQAAAASQSRLDPHWMEYYRRGIHPSQFPLYANPAISQMERERLGIPPPHHVGLDPGEHMIRLTREYHAHSHTHLHLPLHPQPQPPEAGFQLPPNVGQYPRPNMLIPREPHSDVLLRMSYADQLQYLQAAEFQRQSLHDQYFRNQLR
spichthyin CG12292,Drosophila melanogaster,M9PD12,10.1371/journal.pgen.0020154,MNSDGEASSLQMPQVTVGGMLPVEANQSPETAPLSMAETVSNTDFYIGVGLAISSCFFIGSSFIIKKKALIRLSRYGEVRASAGGFGYLREWIWWAGLLTMGVGEAANFAAYAFAPASLVTPLGALSVIISAVMASRFLNEKLNLLGKIGCFLCILGSTIIVIHSPKEKEIEDLQLLFDMLLDPVFILYVICIVGSTVFVACFIAPRHGHTNVVVYIFLCSGIGSLTVMSCKALGLAIRQTLNNGGNVFLTWMPWFLILVTVTFIAIQMNYLNKALDIFNTSIVTPVYYVMFTTLVIAASAILFKEFTHMRFDDILGDVCGFLIVITAVFLLNAFRDIDISLNDVRGLMRPKMQRVSQFDEEVLVTSNTKERRLSYGSSDIFRKAXHKQRYQV
muscleblind CG33197,Drosophila melanogaster,O16011,10.1371/journal.pgen.0020154,MANVVNMNSLLNGKDSRWLQLEVCREFQRNKCSRQDTECKFAHPPANVEVQNGKVTACYDSIKGRCNRDKPPCKYFHPPQHLKDQLLINGRNHLALKNALMQQMGIAPGQPVISGQVPAVATNPYLTGIPANSYSPYYTTGHLVPALLGPDPVTSQLGPVVPQTVQVAQQKIPRSDRLETSPLAAHHHQQQQQLQHQLNNINNNNNHSTAGAAATSTTATTTTNNAAAAAAAAAAAAAAAVMGHHTLEVGKKRAADTTDMFPLVFFCSFPSPCVFAFLNCSIFGFLRLWFSLFNLRH
CG17154,Drosophila melanogaster,Q9VTT1,10.1371/journal.pgen.0020154,MLMEESSIPNIPNEVINYVEEQHARHRELTKQKKTLKKCIKKLQGMLKMLEGRNDGLPCTIAAGNIYQQCTVQELRSNLTAKLTIYVGKFVKVHRKLLGIHRDLSQDYETICENANSIDVVN
tramtrack ,Drosophila melanogaster,P42282,10.1371/journal.pgen.0020154,MKMASQRFCLRWNNHQSNLLSVFDQLLHAETFTDVTLAVEGQHLKAHKMVLSACSPYFNTLFVSHPEKHPIVILKDVPYSDMKSLLDFMYRGEVSVDQERLTAFLRVAESLRIKGLTEVNDDKPSPAAAAAGAGATGSESTATTPQLQRIQPYLVPQRNRSQAGGLLASAANAGNTPTLPVQPSLLSSALMPKRKRGRPRKLSGSSNGTGNDYDDFDRENMMNDSSDLGNGKMCNESYSGNDDGSDDNQPNAGHTDDLNESRDSLPSKRSKNSKDHRVVSHHEDNSTSVTPTKATPELSQRLFGSSSTTISATAPGGSSTGPSETISLLEISDERESAPVHLPTILGLKIRAINTTTPAQQGSPQTPTKSKPKIRQATGSNNSNSLLKQQLRGGAKDPEVPPATRITGAVTPNAALNAEEQSKEMPKKNQDEVNACIGLHSLANAAEQQAAQVASTGNLHHQLLLHMAANNSMLNTTDYYQQQQQESPSSAGQFMDDDLELLSLNDQQDKSDEPDHEMVTLADENAGLPGYQGNEAEATPAQEDSPAAETATAPPPAPRSGKKGAKRPIQRRRVRRKAQSTLDDQAEHLTEMSVRGLDLFRYASVVEGVYRCTECAKENMQKTFKNKYSFQRHAFLYHEGKHRKVFPCPVCSKEFSRPDKMKNHLKMTHENFTPPKDIGAFSPLKYLISAAAAGDMHATIYQQQQDHYHRQLAEQLEQQNASFDSRDSSLILPDVKMEHAEDQDAEQEAELSDGGYDASNPAAAAAAMLSLQQDVIIKDEIQISPSPSPTPPASCAVAEGKSLALASTAQTAT
hebe CG1623,Drosophila melanogaster,Q7K568,10.1371/journal.pgen.0020154,MAETINNKPSIQIRSGLPSPLPDKSPSPATKLLISHGKPNFTIAKSPKIDENGNGNPLSAQPSANNNYNAYKSANSSVANSQKFIVGTKFNGVFKPSNAAATWATNGSTNGNGTAESENEVAKVVLRRPKVADSPPPAEGEDENVPEFIRRQRLIQERLAKENVLDFESRRSGYFTHVMISPDSPNRTSFVETMASPAIVPALEIPAPVAEKVEEEEKVEVQPQVAAVTTSALITKPEPEDPVSNGHSEEPKNSDVGPEEVAKAIEQVNQAVAGEDEAEVEATPEPVPEPTPEPVAAERKAEAVVEEPTQAPAAVEAKVEVVEPAAPVQNGQKEEEKAVPATNGLKEEEAAPATNGHKEEADAITISHTNGQSSDGPSIPTPDPSGALGVNYEPKTVVSFSQELGSGENKYPDTVKVVSEVPAESNGELKELTKLKFDIQSDDQNEVQVTPVLRAE
fizzeled,Drosophila melanogaster,P18537,10.1371/journal.pgen.0020154,MWRQILFILPTLIQGVQRYDQSPLDASPYYRSGGGLMASSGTELDGLPHHNRCEPITISICKNIPYNMTIMPNLIGHTKQEEAGLEVHQFAPLVKIGCSDDLQLFLCSLYVPVCTILERPIPPCRSLCESARVCEKLMKTYNFNWPENLECSKFPVHGGEDLCVAENTTSSASTAATPTRSVAKVTTRKHQTGVESPHRNIGFVCPVQLKTPLGMGYELKVGGKDLHDCGAPCHAMFFPERERTVLRYWVGSWAAVCVASCLFTVLTFLIDSSRFRYPERAIVFLAVCYLVVGCAYVAGLGAGDSVSCREPFPPPVKLGRLQMMSTITQGHRQTTSCTVLFMALYFCCMAAFAWWSCLAFAWFLAAGLKWGHEAIENKSHLFHLVAWAVPALQTISVLALAKVEGDILSGVCFVGQLDTHSLGAFLILPLCIYLSIGALFLLAGFISLFRIRTVMKTDGKRTDKLERLMLRIGFFSGLFILPAVGLLGCLFYEYYNFDEWMIQWHRDICKPFSIPCPAARAPGSPEARPIFQIFMVKYLCSMLVGVTSSVWLYSSKTMVSWRNFVERLQGKEPRTRAQAYV
CG5966,Drosophila melanogaster,Q9W448,10.1371/journal.pgen.0020154,MYVANTTGGLMLQTMLYLANHTSRAAVNTLVDLPPAPKSDINEVKCFGVYGCFPINGPWNTVTRSINVHPQKPSEIEPHFTLHTRRALDQPKYLDLNDPESVQGMGMNPKGKIFLLVHGYLESGEIPWMWDMAKALLAHEPEGRASVVLIDWGGGASPPYVQAVANIRLVGAITAHVVHMLYEELRLPNLDNVHIIGHSLGAHLSGYAGYHLQHDFGLKPARITGLDPAAPLFTDTDPIVRLDKTDAHFVDIVHTDANPLMKGGLGINMRLGHVDFFPNGGFDNPGCNKKFQDVVKKKTLFLTMQEFLGCNHIRSQQYFTESIGSQCPFLGITCDSFESFKDTKCTSCEEPGHTCLRMGYHSQEDYQEQVDLGQLQQGDSPGVFYLWTGDSKPFCRLHYRITVRVSGHDESTLHGGEVGILSIQLHDALVKKAGKNERAATEMMKFSQKAMYFEPGYEYKALVAGRNLREPEYATVNWEYPTNILNPLTWRILSAPRIYLEYILIEAMESSDLYLKLCPQHEGAILTGAENVLRSSYCKD
CG30015,Drosophila melanogaster,A8DY97,10.1371/journal.pgen.0020154,MSSGLMSCVRENSPPLESELDASCAGGPLSLPAGRAHPHTHGATSTPISSPGNDAHQSPTAEHPNQQQQQQQQKRRRFHPLRNLRRIFRRRTINSSTDSPASCQSPGPGSCNTLPPPASSSSEKNLRSGIASPTGSPLNPQQLKENYQTQSLPKSKSYGSHRDELLSVLLGKKRASKQDHSQVAVQPDSQAQSQSPQEAMYQAQRQHGGVAVFPDSLVLNRSSYFAEQRIQQRHLRSVGDSSQELESNLGLGSGSGSGSGAGGAADISDSQRSLSEGRLLDVDGDYSRDTLSQSHDSVFSESATASSLSIVLKSRLRCEAHQMIDFKQNPFKMKLGGSSMGESRLGRSCLRARFVFRWKSWAELTDVLRKRRNRPDASDEDLGLPRSPASPQRRAGGGTSSRNTSGVGHQSRGHQSEVSSLSLHSVNSAEVETEDSQSSHQYRHHSRVSTSSSISMGSDILRSHHEDDVDAVGGERHRLSHAAAKHKMAIRPVKKKGPTRQHRMTLETSIPEANEDVLKISPGLRAVHEADLKIKTRSLPPKTLTAIAPPVQANAASSVTTKRTNTIEQSSTITSTTKTTSSSSTTSQMFGLRGLTSKSNALLENRGESSTDGDDFLANEREKENESGFLRRLIHRNSKRSIARANDGVEDTDSSQSVAKKLQISTSCLEAAARDAVQVPDKSRSATSHEQHIQETRQTIKREIHNEGKHGLNAMVSNYGVHPHPPTALKPKSGPAARQRYMPKELGAAPLEKITSGNDVTNLLSKSSRGNDTFQSTTLVREQQNKVETSTHFERKPRIVGLSAFQQKLSRSSDSVGQHSSSSNSLETSTDEPSPLYYEEKQRKTIEKSRSFRNYEDEAVDSTAVHNNMPSLPDLSLSFRVPAYHKQAPQSPCSPISSNAKCVSLGFEINDNKLLQSRAESTGQLPSAAKISPQKAASTKLIVSSPGSADISKIEQNIDLIVKSPLVSVLRKSGNVADKLPKEQTAPTKQRPKLLDLGAKMTAPAANPSPSPASPLTKSAKLSNSPPTTPAKGQGSSNSSRRNSSNVENNGEPEFMKIQLNRVDQARLHNKTNHLVLAKNFKSPTERSQSNDDLSFRRSSEENLAGIEIVEHPQPKPLSPAIRPTALEPSLSRQLKSVSATSMRNSYGSSSEGLATPVTPVTTPSTPKSNGFSKSILSAPKNVKEVKDTKEPVSPKEPVKSNRLSLEDRKRLFLSEERTKSVEQRRKSITKTESTAPPTPSVIPATPAIPVTPVTPTSPEIFEVNGNTSPTSNPVVLRKKSFASCNGNPSPSKDDPTPELMKVFARRSLKVKDDDVVTLPQVQPAAPVSSNSKKLSPSGGGGQSVDSDKENQSNSEEKLDKLAPKSEPQATHHPSTNRNSVADFRNLNNNNNNHQQQQKVPPKVVTYLPPIKTSNQGRNSLNNNISNGNGSARPAAERFSLQLKQANPTATTPTSPAAATPVAAPTATSAAATASVAPSKPIERSATVGEFKGIHQRRAEWEQRAKEALK
SP71,Drosophila melanogaster,Q9W5Z0,10.1371/journal.pgen.0020154,MYYMIKLQLRSENVCHRPWSFERVPNKVIRGLDNALIYTSTKEACLSACLNERRFVCRSVEYDYNNMKCVLSDSDRRSSGQFVQLVDAQGTDYFENLCLKPAQACKNNRSFGNSQKMGVSEEKVAQYVGLHYYTDKELQVTSESACRLACEIESEFLCRSFLYLGQPQGSQYNCRLYHLDHKTLPDGPSTYLNHERPLIDHGEPIGQYFENQCEKAAGLGAGSPPGTLDKIDTLPVSLDTIEDPNLTNLTRNDVNCDKTGTCYDVSVHCKDTRIAVQVRTNKPFNGRIYALGRSETCNIDVINSDAFRLDLTMAGQDCNTQSVTGVYSNTVVLQHHSVVMTKADKIYKVKCTYDMSSKNITFGMMPIRDPEMIHINSSPEAPPPRIRILDTRQREVETVRIGDRLNFRIEIPEDTPYGIFARSCVAMAKDARTSFKIIDDDGCPTDPTIFPGFTADGNALQSTYEAFRFTESYGVIFQCNVKYCLGPCEPAVCEWNMDSFESLGRRRRRSIESNDTKSEDDMNISQEILVLDFGDEKREFFKADPSTDFAKDKTVTIIEPCPTKTSVLALAVTCALMILLYISTLFCYYMKKWMQPHKIVA
Btk,Drosophila melanogaster,P08630,10.1371/journal.pgen.0020154,MMGTKHRNSHVNGSIKSSSSLRSSSKSFQAKMDLMSERLYDVVKSGSMVKRAQNKKRFTPVNYKHRWFELTKRTFSYFDVENVERRRERGRIHLKGVRLVEEATVSGEGGDPFAPDGYPFQVGYCEISASANSHQLENGNGGGSGVGIEGQQSGRAVPQYTLYVIANSEKERSEWIRAIRQVCEDSNTPKSYRYHPGLWSGKKWSCCKGLSRTTFGCRAAAHWREANNNPSNGSSPAQNSTRSISPNSSTTNSQFSLQHNSSGSLGGGVGGGLGGGGSLGLGGGGGGGGSCTPTSLQPQSSLTTFKQSPTLLNGNGTLLDANMPGGIPTPGTPNSKAKDNSHFVKLVVALYPFKAIEGGDLSLEKNAEYEVIDDSQEHWWKVKDALGNVGYIPSNYVKPKALLGLERYEWYVGDMSRQRAESLLKQGDKEGCFVVRKSSTKGLYTLSLHTKVPQSHVKHYHIKQNARCEYYLSEKHCCETIPDLINYHRHNSGGLACRLKSSPCDRPVPPTAGLSHDKWEIHPMELMLMEELGSGQFGVVRRGKWRGSIDTAVKMMKEGTMSEDDFIEEAKVMTKLQHPNLVQLYGVCSKHRPIYIVTEYMKHGSLLNYLRRHEKTLIGNMGLLLDMCIQVSKGMTYLERHNYIHRDLAARNCLVGSENVVKVADFGLARYVLDDQYTSSGGTKFPIKWAPPEVLNYTRFSSKSDVWAYGVLMWEIFTCGKMPYGRLKNTEVVERVQRGIILEKPKSCAKEIYDVMKLCWSHGPEERPAFRVLMDQLALVAQTLTD
couch potato,Drosophila melanogaster,Q01617,10.1371/journal.pgen.0020154,MLGSHHQLLIAATAAAAAAAAAEPQLQLQHLLPAAPTTPAVISNPINSIGPINQISSSSHPSNNNQQAVFEKAITISSIAIKRRPTLPQTPASAPQVLSPSPKRQCAAAVSVLPVTVPVPVPVSVPLPVSVPVPVSVKGHPISHTHQIAHTHQISHSHPISHPHHHQLSFAHPTQFAAAVAAHHQQQQQQQAQQQQQAVQQQQQQAVQQQQVAYAVAASPQLQQQQQQQQHRLAQFNQAAAAALLNQHLQQQHQAQQQQHQAQQQSLAHYGGYQLHRYAPQQQQQHILLSSGSSSSKHNSNNNSNTSAGAASAAVPIATSVAAVPTTGGSLPDSPAHESHSHESNSATASAPTTPSPAGSVTSAAPTATATAAAAGSAAATAAATGTPATSAVSDSNNNLNSSSSSNSNSNAIMENQMALAPLGLSQSMDSVNTASNEEEVRTLFVSGLPMDAKPRELYLLFRAYEGYEGSLLKVTSKNGKTASPVGFVTFHTRAGAEAAKQDLQGVRFDPDMPQTIRLEFAKSNTKVSKPKPQPNTATTASHPALMHPLTGHLGGPFFPGGPELWHHPLAYSAAAAAELPGAAALQHATLVHPALHPQVPVRSYL
Darkener of apricot,Drosophila melanogaster,P49762,10.1371/journal.pgen.0020154,MVAANLEVPTSSSSSAATKRQKDVDNKLEKCLNDMLKLKTSSNNNSTSNSNNNAIMSHSLTGEHKDPKTALEGPTSSSSSSSSKYIGESQIPVPVQLYDPQKPLLQQQQQQQRICYPIGKSNSTSQLPMGGYQRLLQHQQQQHHQQQQQQHQEQQQYPQHKRPFLNWNSFACSAMNGASDPFMQQQHMPAHQQQQHLPHKLQQSYSSSHVPKQAPKSGLAMFLQKNTNKENKFGQPMQQQPPGMMPQMYGYQAPQQQSKIGYPRTGAPLTHSASFSSAQRPTALQFHQQHQQQQHLQQQQQHPQQQQHQHSSFGVGMMSRNYYNMPKQPERKPLQTFDPYAYPKPNQMQPVKYQQQQQHPHTQFQNASAGGGGGGAAGLQYDPNTNTQLFYASPASSSSNKQPQQPQQQQQQQQSQLQQSNSVIFNHSGQQHQPHQQQQNEMSKSALGLHFIETAKPVIQDDADGHLIYHTGDILHHRYKIMATLGEGTFGRVVKVKDMERDYCMALKIIKNVEKYREAAKLEINALEKIAQKDPHCDHLCVKMIDWFDYHGHMCIVFEMLGLSVFDFLRENNYEPYPLDQVRHMAYQLCYSVKFLHDNRLTHTDLKPENILFVDSDYTSHYNHKINREVRRVKNTDVRLIDFGSATFDHEHHSTIVSTRHYRAPEVILELGWSQPCDVWSIGCILFELYLGITLFQTHDNREHLAMMERILGQIPYRMARNHTLYSKTKTKYFYHGKLDWDEKSSAGRYVRDHCKPLFLCQLSDSEDHCELFSLIKKMLEYEPSSRITLGEALHHPFFDRLPPHHRVGEVSNKQPLSSGSSSRERSHSLSR
longitudinals lacking,Drosophila melanogaster,Q867Z4,10.1371/journal.pgen.0020154,MDDDQQFCLRWNNHQSTLISVFDTLLENETLVDCTLAAEGKFLKAHKVVLSACSPYFATLLQEQYDKHPIFILKDVKYQELRAMMDYMYRGEVNISQDQLAALLKAAESLQIKGLSDNRTGGGVAPKPESSGHHRGGKLSGAYTLEQTKRARLATGGAMDTSGDVSGSREGSSSPSRRRRKVRRRSMENDAHDNSNSSVLQAAASNQSILQQTGAGLAVSALVTTQLSSGPAAGTSSQASSTQQQQPLTSTNVTKKTESAKLTSSTAAPASGASASAAVQQAHLHQQQAQTTSDAINTENVQAQSQGGAQGVQGDDEDIDEGSAVGGPNSATGPNPASASASAVHAGVVVKQLASVVDKSSSNHKHKIKDNSVSSVGSEMVIEPKAEYDDDAHDENVEDLTLDEEDMTMEELDQTAGTSQGGEGSSQTYATWQHDRSQDELGLMAQDAQQRDPQASKQDKGEQTEGAQDEFELDDCLLESNDIVITQNKDGFVLHVKKLGNITAAKLEENQAVAQQQGQAAVTVTGPAGQPTPTITELLNAAAASHSEPKPTLTTLTSTPIKLPSSECELINIKKIIPATTTIATHHPHTSSTIIHPHHIIQHVSQEPHHQEHHQQHQTIHIEEVPQTSQQHHQQQHHHQLQTVQPTHTQVQSIITAHPGQTINLVGLRNVQLADSKPIASRIRYSRGKIIGPTVQNLQIVETHEPIQHQHHELSDGTKYEISEIDLNNPNASAAIISDLVKYAEIDDIELPDGTKIGIGFAPSEITEHMQTSGGETHITTIEHEPQELQTVHQHEQTQQTHHIHAGQLQTHHIQTVVQSSSGQQQHDQQQHHQHHSIELQDDDGVETITPEELGMHDSSKSYTILTTRPMKEESEHDPSGMTYELSLSDSSLGPCDDPESRYVCRHCGKKYRWKSTLRRHENVECGGKEPCHPCPYCSYKAKQRGNLGVHVRKHHPEKPQLESKRGRKV
CG14478,Drosophila melanogaster,Q6NR30,10.1371/journal.pgen.0020154,MKTLVLSPEDLQNFNKFIYDPKSAAQLAASAGAIGAAAAAAAAVHGPPAGTTVQLLQSGGVGGSMNPGVVPVSVPVPTSTANSANNLMALHYYLKHPGIQQMPIPQQQHQQQHQQQQQHHQQHQQQLLAQSQTQLKQLQLKQPTIHQHQQHISYHHHPYYQQQPQQAPPPQPQPLKSQPQSHLPVHALNQNSNFSAASSSTGGTASSHAPTQQSNGSSVSPTIVSRVAAVGTPSSSNIAAAANALLRASAASTAPSSSASSSSSSSSASSSSSSSSSSSSASSSANCAKKLKTEPILSQYNQTERLNFANTYIVWSEEHWRRVVFHDERRFNLDGPDGFSYYFHDLRNYERTLSQRPRGNSVYIYLMVCVGGAVLLEVSSAKQRPESCIEAIMRERPNIVTKLGGNSEFVLQDHNWMSHALPTAQDLLNAEGLKTQKWPTIAHDLNIMENVWGWLIREVFDGGRKFSRKDDLIFRIKEAWSHLPLDLITNLYSTLPERITELYYTQGVYTNC
scribbler,Drosophila melanogaster,A0A0B4KEU2,10.1371/journal.pgen.0020154,MESMRRNEANTSHHPNKVALNSSNVATESNIKNNKLLANLSAAGAATATTATTGTATTTTATTANQALNFNNKTKATANATAASANNRHNNNNNSSAIKKHTNTKQLAGKSPACNSSSSSLSSSSSSNSSESKDTNFEYEDEWNIGGIPELLDDLDADIEKSAHSSGGGNQATALNAKQANSSSTSSSSSSKGGASSSSSSAAATGSSSSHKSHKTTLHSNLSATSPTTIKFTRQPVAIGGANSSSSSSAAAAPSGGSANVVAKGSSSSSSSTSSSSSGKHHHHHHHHSNSSSSGSSSKGYKSALVAQLNSPSPLNSNSKSLSGSGSGSGNTNGAAGAGAGSTLSSSTFAGFSKGGSLVSSSAGAAAALAAGSGQQGSKFSAGGMSSQTGSGSGGNNTSNSNNSSSGSGGSGSGSSTGNTASGSGNNNSTSAGGPPSSQGGNNGNGSGSSSSSSSGKSSAKMSIDHQATLDKGLKMKIKRTKPGTKSSEAKHEIVKATDQQQNGALGAGSNNSANEDGSSGSSSTNASSLGSTNSSSSASSGSSSSSGSSSSSSKKHLNNASSGSGSSSSGGGSQNNASGHASGGGSSGSSQSTPQGTKRGSSGHRREKTKDKNAHSNRMSVDKSAAAASAAGEKDTPEKCSGTGAGGSPCSCNGDVGAPCSHHACIRRAAHMSNSAGNANSSAGTGQSGGSSSMSAVPPGVFTPSAGSPSTGSPSTVVPAAASLLAATGAASSSASQMASSSAGGVGGSGGGANAPGPPGKESAGSIKISSHIAAQLAAAAASNSYSGSGANTNQGQNSNAGGNGGSESKAAAAAQAKLMAPGMISATMHHTISVPAGTGTGDDDTKSPPAKRVKHEAGASGAGGGKEMVDICIGTSVGTITEPDCLGPCEPGTSVTLEGIVWHETEGGVLVVNVTWRGKTYVGTLLDCTRHDWAPPRFCDSPTEELDSRTPKGRGKRGRSAGLTPDLSNFTETRSSIYFSHAQVHSKLRNGATKGRGATRSASGNAAANSNSSSSGNGGGATPSTSPTAFLPPRPEKRKSKDEAPSPLNGDASDGASVGGIGGAGGVNMVNASGIPISASGGGLATQPQSLLNPVTGLNVQISTKKCKTASPCAISPVLLECPEQDCSKKYKHANGLRYHQSHAHGAGGGASSMDEDSMQAPEDPATPPSPGVASGTGSGASVASSAVPATAPSAGQGTVAVSPNTPLANSSNPVTNGNVAPSAPATGSVTIAAPNTTPSVVETQAPLTGPPPVTPPAPTPICAVATPGAEQSVSSVLPLGNLPLTAGPNSATQQQQPPTQQQQPQLLVPGGSAASLQQQQQQQQPVAGGSITAGISGQALSQHQQQLMGGLPAMLSDQQQQALLQQGALKAGVLRFGPPDGNPLQQQPGQASVNPQTQQSPPRPPSHVQDQQTPSAYAQQAGLKTSPGFGSVGVGAASSKQKKNRKSPGPSDFEGRVSREDVQSPAYSDISDDSTPVAEQEMLDKSVGQAVTAKHIELMGKKPTEVGVGVPPPPAPNMYVPGMYQFYPAQQQSAPPPQQQQQQPQYMVQTEPGKPPGLPPALTQAQQQQQLQPGAPPPTSQPPSHLLGPPGQQSVAAHLADYSGKNKDPPLDLMTKPQPQPGQPPSQQQQSGQLSGQENNGKDVGPPTSQPGSQPPPVNLSAVAGPPPGSLPPGLGGLSALGAAGLGGPGPGKGMPHFYPFNFIPPAYPYNVDPNFGSVSIVASEEAAKLSGHPGLPPSSQAQQLSGISIKEERLKESPSPHDQPKHMPSQQQMIASKLIKQEPMTKQEIKQEPNSNPGQQHPPPQQQPAPQPQQQQPPPPQPQQPHALHPKDLQALGAYPAIYQRHSINLAVQQAREEELRRYYMFTGRQNSAAAAAAAAAQNAASGGLPPHPGMMHKDEPGMGSAAQQQQQQQQQQMQIAQQQQQAIQQHHQHLQQQHQAQQQQQQQQHQQQQQQQQQQQQQQQQQQQQQKLKQSQAASAGANNKATNLTKDSPKQKGGDDDQPLKVKQEGQKPTMETQGPPPPPTSQYFLHPSYISPTPFGFDPNHPMYRNVLMSAAGPYNTAPYHLPIPRPYHAPEDLSRNTGTKALDALHHAASQYYTTHKIHELSERALKSPTSGSGPVKVSVSSPSIGPPQPGGPTSSGPGSGPVSGVLGPGSGSNQQPGSAPGSAGGVPLNLQPPPGGMGPSPGSKPDLSGPKGHGGVTPGSSLDGHKQSMPGGPPPNGPSGNGAVGGVGGAAGNGAAGGGGAGAADSRSPPPQRHVHTHHHTHVGLGYPMYPAPYGAAVLASQQAAAVAVINPFPPGPSKXDPLNGNNEKKAYNVKNN
Male-specific RNA 87F,Drosophila melanogaster,P08175,10.1371/journal.pgen.0020154,MCCGPCGPCCGPCCGPCCGPCGPCGGGCGPCYGPNVCGPCYACGPCGGCYCGYPCC
arginase,Drosophila melanogaster,O76895,10.1371/journal.pgen.0020154,MWWSRKFASRSLRLHRLKSTGSTAPREPEQSLGIIGVPFAKGQAKQGVELAPDLLRQSSLRQVLQSSHDGLVIRDYGNLQYAVDEPLLQQQRVHYHHIRNYADFMACNRALIEQVKLMLVENTQFLAIGGDHAIGFGSVAGHLQHTPNLSLVWIDAHADINLHSTSQSGNIHGMPVSFLLEQLRNTWQHAGLQEIAPNCLPKDQLVYIGLRDIDPYEAFILNKVGIRYYAMDTIDRVGVPKIIEMTLDALNPQNKIHVSFDIDALDSNVAPSTGTAVRGGLTLREGISIVEALRDTKRVQGVDLVEINPKLGSERDVRTTVESGLEILKSMFGYRRSGRWSNIDTGILGSD
kismet,Drosophila melanogaster,B7Z002,10.1371/journal.pgen.0020154,MDGNAQNMFHGNHQGDPYYRYDAAAAAAAAAAANPRAMGPPGGYPPRHRPPHPLQQQPQYPSYQPTAENLYGLGAADHQAAMGLGVGVGVGAGMGDLSGWGAAPSVPGQAAAYPGAGLGAYGHPQAAPPSQQQRQSNASAYRQHMPAYGQQDQQKLASYGAQQSMMAGYGSLAPQQQQQQQPPTPQQQQQAQQVQQQAQQQQQQQQQQSQQQARLPQHYPQAPGQHPLYPGVGAPTVQAGQPPTPQAYAHSPYGSPMQHQPSRGAPQHVGYGHTGLDQASAYGQHVPGGAPPGHHLSAQQQQAAQQLGAHQQQQLQSQQQQQAQQQQPHVSLMQQQQLPGAGLPPPHMGMPPSYGSHHQQQQQQQQTQQQQQQSAPPYMSSSKHQQAAAQLNSSPQYRAPFPQLSPQMSPRPPTMSPHPQMSPRPVGVSPAKPPPPQQQQQQTQAQQPQQVVSNQPSQHSIQGMVGLPSPRPQPPTSGAGGAGAKGPAPVAAPVNTLQALEQMVMPSQALGLPPMDYPSAYRSAVGPRMPASPQQQQQQHQQWGAAHGAQHLAALQQQQAQQQQQQVQQQQQAPPQQQQQAAMLQAQQQHHQQQLSMYGQPMGQQPQTAQQQVVPPVTSQPPVVAASQQQQQQQHQQQSLNDQLQHSINDIVGGGNSSGATGGAQNQHQQQPQLAAMSSPLHQQNLPNMHHLIQPTMETTQPTQQQQQTSQQQQQPQQPQATLTSPHHQQMQHQSPIHQQQQSPHHQQHLPSYNQSQQQFDPFANILGDNQPAASQQTMSPAHVSSPVPAQMQQQQHQTQQQPSQQVPQSQQQQVSQPQQQTQQQQPSTPSHHLSSILNETANSNDSSTLAVAANDSNNSSSNSSTNSIVNNQPTSVHDSNSQSSINSSSNNQQQLLMDNTNSHGGNSESAQNAGVDVGLFDNNSMSSNSAAVAAVASNAASAAAALLDSNSQSSNAEFEKNQSEGEGLGVVEGVIANETDLPQDENSVSKTQDITLSTELPTIQDDLQEKPTAEMEQTQLGQSLGDLSKSLLEEPKTVEESGEDKSQSAPGVAPPADPIIPVTQPPQQQMPPIGMPMHPIAPGYEAQAQGQGHMPPMMPPYGGAPGMYPPYPMLHQQEIAALQQQIQELYCMPPGHELQHQDKLMRMQERLNLLTQHEVNDQCAGGPQCLLFQNVPPMYGPPGNPLLNQQMVESPQVSSTTGRGRGKSANKPRKPRAKKGEKAQVGQQQDLMDISGNVAMGAANAVSSIPTTQLPVSEDCVTQGAGDTSVVGMLEYSEGMGDLSQDVHSANELDTSTDGSGKKKKPRKPRTPKDPNKPPRDRTPKAKKPKDPNDPNSTETPAAVKKRAGASKRRKQYGEDGAEQTGEGSEVEDNKPLVPKAGSADGEAETTSGGTGVDGESPDYDDIPVSKIPRGSNEDEKEAEAGDETVDSVPDSAGDPASTPSRRDRKRSTARSRRNANSEEGGSARKNRGSLSAKALKKRRNRGRIVPESDGEDDTLDRTPPPSPPPDSEMDSNKRRSSRNTQRKKYIDDVMLRFSDDENSLLVASPVKKDKKPSANASNSNAGSDVEKTEPQSGAEGDAAQEVGEEKSNLPLDESSQLEASSSTSAVAEKERQISTDAANAAMSSKPNYVYINTGDEDSMVVQLVLAMRMGKRELILDKPKEKAPEPKQDEEKSELDEATTDKPEGDEKFKTEGESKKDLTDSEETKLESSAMEVDSKEESEPDDSKKSDEDNKDKDKMEVDDEVGKSDKESKPEEQSETVKTEENSKAIEEDKSSTVLTADHAKEPETVLEKMEVDEKANDDQSAVSKAEGSDEKSTDDSNPEEATTEKNKESLEIEGEKERVKEGEESVKKENDEKTEADMENKPEPVFIDVEEYFVKYRNFSYLHCEWRTEEELLKGDRRVAAKIRRFQQKQSQQLNIFENIEDEPFNQDFTEVDRVLDMSVHTDETSGETTKHYLVKWKSLPYEDCTWELEEDVDNDKIEQYLRFNKIPQRSEWKSKKRPHPELWKKLEKTPVYKGGNSLRPYQLEGLNWLKFSWYNTHNCILADEMGLGKTIQSLTFVHSVYEYGIRGPFLVIAPLSTIPNWQREFEGWTDMNVVVYHGSVTSKQMIQDYEYYYKTESGKVLKEPIKFNVLITTFEMIVTDYMDLKAFNWRLCVIDEAHRLKNRNCKLLEGLRQLNLEHRVLLSGTPLQNNISELFSLLNFLEPSQFSSQEEFMSEFGSLRTEEEVNKLQALLKPMMLRRLKDDVEKSLAPKEETIIEVELTNIQKKYYRGILEQNFSFLKKGTTSANIPNLMNTMMELRKCCIHPYLLNGAEEQIQYDFKSQHGEDPESYYKNLILSAGKMVLIDKLLPKLKANGHRVLIFSQMVRCLDILEDYLVYRKYPFERIDGRIRGNLRQEAIDRYSKPGSDRFVFLLCTKAGGLGINLTAADTVIIYDSDWNPQNDLQAQARCHRIGQRKMVKIYRLLCRNTYEREMFDKASMKLGLDKAVLQSMNTQGSKDGNNKQLSKKEIEDLLKKGAYGAVMDDDNAGDKFCEEDIDSILKRRTQVITMESEKGSTFSKASFAASGNRSDITIDDPDFWTKWAKKVDIDPDACERDETEDLVLSEPRRRTQIKRYGHEDVMELNSEESSNENSDEEGGIGLRSRRRKEKRDRAREKKGNDEYIPRERDALAALGLEEIQYGNWAKSECFKVEKGLLSFGWGRWSELLELGQFKRGWRDVDVEDCARIILLYCLQVYKGDEKIKTFIWDLITPTEDGEVQKISRDHSGLHNLVPRGRNGGKSNKESTGVSTPAPGSASGSNSGNTTPAHKSSALDGSDKDSGGINASAVAAAVTSIHDPNHWSKKEKYDADAYLEGAYKKHLGRHANKVLLRVRMLYYIQHEVIGDFVQQIKDNTPISELPIRPPPTPDQVPSSWWNPICCDKSLLVGTYKHGCEMYRQMRADPNLCFVTHVGAGAAGDDLAVTSLPINEDDANSKHDDGDEVDDDGTTTTKDSDSTKLTGGDNKDSLLDPERPSSSGKSSSENASGGNDKTESENDATTVSESSYKSEVLPGKGSDLDVSVAQQDALSATPELANTSDPKMNKNDAQVSASVSCDPADSSSPEAAGKAQGTGVQTGDAGELDIESEKKDNEKETKESTGDAPAVEAKKDSAAIARAEGDKTESCTNNATTNISTTTTTTTITNTTTTTNNPSSKAANSNNTTDHANSNSHLGLDEEESVAGSYPPTVAAVEDATTMWPSMQDLNTRLRRVITAYQRNYKKEELKLQQKAKLQALVSSTPPLSVPTTPTLQSMQMQLQSGSGSGGSGIGSSAQHDASGRSLQALMQSQGASTSAAAAAAASSAGGSCSGSGQVGMGGAGVMPAMPTAADISLMLSILNTTDVNQLANLDINKLAMYLVSMNNKMERQGKMELAAKERESQRLQLIPKKWNRREEYEFLRVLTGYGVDLHVSTPMASSNGSSLSPDWTKFKQMAHLERKSDETLTDYYKVFVAMCKRQAGLKLSESERGLEGIIEEIEKEHAKLILDRLEVLAKLREVARNPMLEERLKLCTKNADTPDWWEPGRHDKELITAVLKHGLYRSETFIFNDPNFSFGESEKRFIRELEAQIQRTIKLEAFNAEKAEKLAAAEKDAATEKAAATEKAAAEKAASVKNEVIDLDDELMTNESVIKKESPVTPIKEEIKSEESPEKHDTADNLEDKNSDAEESTKIKGKEDFNPETTEKEALDESTNLNKDKSSTETLVPEIEDSKPSEDKMEVEELPVAENGEKEGSPEKCSDAEDKKFSEEKPSSPAVPDGKVSEMEADEAAPNTEENCSGDSESPEKECEDKVVEKVEEEKGENSYEKAEEQKEETEKLEKSSIESEPSEKSETVLEPEVAVPKKSTGDQDILDLVAGPSDPDDDEVMKEKEKAVEEECKKQAAELKARFPDLEVIQPATVKQQKLEKPKLEMCMIRWFKDFALERRIAHIVACVESGNWPVDSKYSAFATCKGATDLSIALHESIPHLSSLERRSTTPDVITITTDQGVTKHLQTSHMQQVASSASAASTSSGVPQVTQSKPSSSNSLPGLDAKSINAAVAAAVAAAAAGGNATSLSSLLPGMSLSAATGSSAGGVSGLSVPSAGSGVGKKRKRHIAIDVETERAKLHALLNSSTMAPKDWESEIANMEALSGSSGRGRGGNSSASSGMQPPPAHQHASLSRQSSGQFSKPAVPAMKTPPPSMGAPMDLSSSLPKMNMTEMLKSASSSGAIDLSEVQDFSMPSKKSSVHAALSSAFPSMGNKSKLDDTLNKLMKKNNCTIEEPVIGKEKKRKKLDEIVLGLSAAKEQKTFPDPSLPSSKKPQIPPSVSVTPANLQSSSNQQSNQKPFTITVTTVPGKSKSGSSNSGSGTGGSSSASGGGAGGSGLSALQNMAMGGLSSKDSLNALLAQTMATDPQTFLKQQQKMMQFLPPAQRKAYENMLAEMEQAMKISSKFSTNSPHDVKVNKWLSDMTSPLGDQLSIDYVGGGGASGSGSGNSRRSNRQQGNSQQSSSAAQLQKQQQQQQQQQQQQQQHSMPGPQNLTGEEPVPVINKQTGKRLGGNKAPQLKRLMQWLTENPNYEVDPKWLEQMQNPMSTPSPRPASMESGYGSSAVKSHGGRPLSNLSSTSSSSHTQQQSSAAQSQAGGNSGSSKKNSRQQTAASAALDQAALQFGSLAGLNPSLLANLPGLGAFDPKNPLAAFDPKNPLLSMSFGGMPGMGNIPGLGNLNNMNLFASLAGMGGLGNLAGMDTQSLAALMAAAGPTLGGLTGASGGAGSGKSQAQSQSSATSSSSSASKKKQQQQQQQAQNEAAQLAAAISASTGGSGASGGKNAAASASQLAAGFPFLFPNPSLLYPPMGLGGLNPYSLGSSGLGSAYDQLAQQYNLLNGATSSASNTSSTQSKSHQSQSKSSQSRNTTASANSAASLMNAMASMGGGASTVTTPSTSASGSGRGRQSSSRNQSQTTPTAADMAQLSSLLMPGADPHLLESLSRMSNMDLAQATRLMSSLGMPPLSGTPSSSGGGNTSTSKRSSQAANEANVQAKEQQKWLESLARGALPTDLAALQAFSQGKMPSTSGSNTGTSTSSSKSSKAAATAAAAQLPQIPGMSSDFPQAFLAEMAAQAMAAAGGSLPLSGPGSLASLAGLTGGSAGGGGSSASGSTSHSSSKRQREQDAFKQQMDYYTKTLGLGSGISLIPTSSAGGSSASSSAANAAAAAYAAALDAEQQHQQQQKALSKRARGDLHPTKEELAALAAGLPLNLGASMSSIEKSLRGGSSSSSSSTPAPMTAEQDKVTLTPLNASGGGSGSSSSSAAAAGLAANLPSQTTITIAPPISSGASTSSERSERSESRISLTITNAADAAKLPPPYEEADELIIQPILKKPTAANPGSSHGGSVDDLDTAENTSAANLSGSSSSSAAAAAAAAAEENRRSSNRLKRPRSGNEQGSGSVEGQPPEKRRELRSTRHTRSSADASTLNLSTGSESGAEERNE
foraging,Drosophila melanogaster,Q03043,10.1098/rsos.170042,MRFCFDRLCFATKRPAQNSNSNAPHSSTTVDAPPRPADVDVATVPVATPAPPPQQPVSNLFYADYQKLQPAIIDRDWERDRDTDTDTRSEAKPPDIVEHIEPVEEQRQIHTQIQSPAEIQIQIPPTPPAPSIQIQIQQRYRRHSSAEDRNLNTRRNDSNITEALRKAASMQQEPNANYQFPTDLGLVSIVNNNNNTNTHPSGSNSGSNNNSNINNNLVGGIVTLPAAGGLIGLEHTASGLRLIPAPPTHSDVLTHTLIYGTPPSGAQQLNQDPRSLLHQQELQLQQRYQQLQQLQAQTQGLYTSQGSPVLYHQPSPGSSQPVAIPGATCHSPTQLQPPNTLNLQQQMQSLRISGCTPSGTGGSATPSPVGLVDPNFIVSNYVAASPQEERFIQIIQAKELKIQEMQRALQFKDNEIAELKSHLDKFQSVFPFSRGSAAGCAGTGGASGSGAGGSGGSGPGTATGATRKSGQNFQRQRALGISAEPQSESSLLLEHVSFPKYDKDERSRELIKAAILDNDFMKNLDLTQIREIVDCMYPVKYPAKNLIIKEGDVGSIVYVMEDGRVEVSREGKYLSTLSGAKVLGELAILYNCQRTATITAITECNLWAIERQCFQTIMMRTGLIRQAEYSDFLKSVPIFKDLAEDTLIKISDVLEETHYQRGDYIVRQGARGDTFFIISKGKVRVTIKQQDTQEEKFIRMLGKGDFFGEKALQGDDLRTANIICESADGVSCLVIDRETFNQLISNLDEIKHRYDDEGAMERRKINEEFRDINLTDLRVIATLGVGGFGRVELVQTNGDSSRSFALKQMKKSQIVETRQQQHIMSEKEIMGEANCQFIVKLFKTFKDKKYLYMLMESCLGGELWTILRDKGNFDDSTTRFYTACVVEAFDYLHSRNIIYRDLKPENLLLNERGYVKLVDFGFAKKLQTGRKTWTFCGTPEYVAPEVILNRGHDISADYWSLGVLMFELLTGTPPFTGSDPMRTYNIILKGIDAIEFPRNITRNASNLIKKLCRDNPAERLGYQRGGISEIQKHKWFDGFYWWGLQNCTLEPPIKPAVKSVVDTTNFDDYPPDPEGPPPDDVTGWDKDF
huntington,Apis mellifera,Q9V3N4,10.1016/j.jinsphys.2007.01.010,MDKSRSSAYDKFVGFVEQLRNTECSQKQKITCFQQIAECIMSPSLAGHINYAAHCGTATNVLLLFCEDVDSVVRMSAEENLNKILRSLEKTRVSRILMDLYGEIKRNGNQRSLRICLNLFSYYAPQIKEKHIKWYAVRLLQCMTTISQRKETLLQETLCDFVKHFSRHIQQGLSDSESCKLFETFLDQISSDCAVKRRCSAQNCMSLIENARNRSLMARHGVNKVMELLLTDQQANSVLGALGLLRLLLPQLIRGYPGDSHEDSESLAGKKQQQQQTTTSDCRQIIEIYDYCLHLLSTQHTANHAIINATLEVINGILQAVDAASDGQCSQSLGQSLRQLLCNQQLQHNEYLRRRKSLKNQIFQLKNYEVATSQHQLEDEDENEDVDELVVGATAMQMKKNSNAKLQQAKCREQQQHQHQQQLEVDNSSLGINAGEDAPTEAPSSVADEGGEPESTKLRCHIRNAARSISECVASDEDKQGQGHRQQRDEDGVVVAEDDDDDDDDDDDDDDMELLSAECDDFTTLSQLNEQQQALSAALKLPTTTAASSGGAATSQDDKLIDVDADVGGLPKPQHQSSLQNLLAGSDDKSQHLSDIDNESFNSIDFDAEITIAGSKEQQQQHPPADDSVESGDATAIGTFFNNLLSHSNAASESVSKLFRQSSGSKSTPSKSASTPAPADKSDAISAASLTLSLTSLASSNLEPPERQPLIAETPTPVEDSCSITASHTASTALMMDAPAVEVAASKPETPQLRGTPNANPFLVENSPLRQTVVGRALITVKIGSILEQSLVYYTARLVAARFLLSGQAAGLQPDSISRVSIKSLSLAVIAQCVRLAPKILQLSLEISEQELQLLEEATSQIGSGDSTQVSSPQSSDNSQVGGEKPPLDSSLVPTSLEENLLLLDIKDDHFGPSTCPAYLQSATPTLSRSADASVLLLEGGTTSSRSAKKSEEMLSKSEIIESSYRPTVAVEDVPPLSMPPRPPKRTKSTRSRVGVLGTSSTTESSSPQSRQKLSDILLFHDHCDPILRGGVQQVVGNFLQSSGAGLFLDLQRGLGLQHLLAILLKGFEDEIHTVVIQALNAFDKIFPNVVSKYLTEPPCHYHAHQQQQQQQKEQQQQEQDNQKLEQDLQRHSSGQQKRSGQAQTFGQQTFAKDQDNALSSQRQQQRRPNDAGTCANSSATDNDELLAALLNDFQLQSTGMRQQPKNNSTDTGQSGNEPDLEPNPNAAVEPFCVFAISPKLLLSKLRLCHHNKYWLVQNKYAEVISNLNYVLLRSYYANFRCAIDNKNSGARKQDSKWPPMDASSVCHSVRDAEGEDIVCTYEAQFLAELLHLLGDDDARVREHAACCLCRFIMQTARQDPSQDQGAGGGGGDDIEGNGNVNVETQQTNFNLLWDFFDYRIFGSMSVTLRNLFRASSTIVPPLAELDALATSNSAPSYPDTGSTSGSSTSTSASSGGSAAAVSAASAYFEASYGIGIAEGHVFALASASQRQIAQEEKVLAKVLYRLTNKLMTLNDKNVQFGIIYALRLLLRHFNFVDYQQVWLEFNFVEICISYAYYNNATAADLGCQNDLIDVMGKLMAGAMLSSGEPNTAHLDFLLRHSVKMLNIYYHLVTNQRPPTAGSQSGSSSSKQPKSELFAREQPAATLQALGYFAGDYVYMKLYNILRGANDSYKITINQEAGSLLICLLKTCLHAVSLCLEGMASASPPELKLIEEILHYLTRLINYAPAECVACLRQLLKYLFAQNYASQVRLQPSAIGGNGSEIGHHAAFMRPYFAAKGRGHGASSTLLPTINSKPAVAVGSQRGAPTDARQPIDAGPLQDMGMLFVHGLQPPTPPAGDCVRLIKLFEPMVIYCLTLFMKSNALVQAPILRLLSQLLDLNVTYSILDSKNVIFDQVLSNMDLIEGGIDRNAFIMVPPMLRFLVQLTHKSDRQLITIPKIISITNNLLANGSVRVVALLALKTLSYELFFMHSQLEEALDTEGHNSGRDACQSPLSAAPTPETREALLAQRRELDTQREVVLGMLEKFIEARPSQQVLALLLLFERSVQQLDTPPYRSAQDADAVYGTLCRGLCSRQWRLHNAGDLRLLESCFRNNGNHVLADSKRFLQLLQLFIEQGVGNFGDLALAMVMLSNVILKTEEIYLVNHIKLYLKNNPTAERRLQALMPSSPSAAPHWQDEAPSTSSAAAAARAAAASFSAGRSSISEINYFAKVLCEKLLACLEVLLGLEPSSSSHAYCQLTGRFMDALLNVCCRSRHKDALQSVFRLVLAESEFLCKYYSLLLMSAAGLVGSYLLDAVLLACLRLVLAMRLEEPVALLEQAAQLPLKTNLQRALLREVCRASAGCDWSAQQVRRLFEGRYLNFLIADHLEFICELCQERPECGSLLQVALFRNAHRLSRQSVRIVLRLLGRLCEPAEREASGDVGSDADPTLQAMQLLSRLHQLYEGERSLQLPIERMARRLSAQSGQPARNVIYERLVEGDLAGGEDQDALRTLLLKDLECRQDNETATPSRIIDESWLFAQLIKFATQHADAPQQQKQLMLLLLEIQSEPKLQRLLRSLGTEHEAKLLRHAIAGSLAAMMSAFRQKCIQHAPHINYMQPTPLARVSCALLMSRVASTEATKCRNPPTGEQLDVARAVGALMACIRNAEQTALIYIDARLMEKFVVEHLLRREHLPQLLAYLGWLAGAAKQILAMPTRQESEQDALGVLLATVNTLLQQPRVWRELNASSDPSLRCELLDLLDSVARCILQDTIFYRRHRRDRNKAKGPAPQAIFLAKLIETQIEIESLASGRVLAGVEEARLQFAGQDLARFQVALSLVTSIGISLLRTHQFYAYAVTPHELIQQPGDQQQEQQADGKLPSIPVDSLSDVDVLRQFVKRLSIFGFTTRQQFEEYFMTCLLLINKLYDEHMVDQQEQFQIKQVCLQAILELLMTYKTFPIVGLANGQFHHTTRWQRITCDSISLKKLHKVQLLVDACNVFYQPNLERQLAYDNVIGTRTFAPNQYDLNFSWAQMEDQAAAGVGVGVGVGLSGGEQANTADIKQSCDADVPDMAMRNYRHFTQLSGIDFRSSTQLVFDVLQQMIELNHILVLPNLVKFCEICESRDHIKWIKERCLKLQEQVAMDDTISHQHIIYLLCRSQALLIPSLGELQVLCSLIGNVYLKSTHSFIRIATLQGLLCLLECCSKTNTTMGRLSEELALLRSLIVGYINRHGIIDESPLPFSVEHTKLVWTLNYSLIEWTSKFVPQCHLLSNTIIAANNFLKTTADEELYLCVLHGLERMVVNSGVPPPGIQPTGKDAAAGEPGAEGSKAGVGVVVTPQMRHKIEKLALELLKMENEKFSIPALKLLLSCMYVGSAAQLENTELSNGIVQDDPEIIAQQNDKVDILLHCIKSSTRDAAWIYGQVLCQIIRDLVPPNEILTKVIKEFLAINHPHCDVIAMIVYQVFRSAIDSSYLQMLQDWLICTLPTFLDQPEQQGVWGLSVIFLSASINLHLIKLFPLVLGIGASNSAAAATTATTATTEAEAAAPAMARKLGQHEIALFVTAAQDFHAKLSGEQRQRFREAFGSFKRSQVYGRMLQCL
Lysine demethylase 3,Apis mellifera,Q9VHC5,10.1016/j.jinsphys.2007.01.010,MSQKELAALVATRTSRKRTISSTSFSISTRTDPKSIIEIHIFNDSLPIKRACCEVENPTLKAEQRVQQEEESLGQVPPLTEEEQQRHDEFRNSGSIFLQDLPCFKLQQAQPIAGSSPIPKCRECRRRNLATTEGEPSSVSDVYCRFYEFRRLQFNENGELCVVGFPNPYSEPSPEDIAIWQPDKNTPPTSGYMDIQVCRYILLHAGDQFCYIWHQEAEALSLHQNTDGTIAWKKAVKGTREICDVCDTTLFNYHWTCRKCGFGVCLDCVKDRKEGLRLRRAENAAQKGCDEYHWLLCSDPSGPQEHVLTELMLTQIIAGDALNVLGRLLHEVRTLWQVPQVCGCLLSKQAIEDAQSKEVIQDMIKESQLKQHTSYSSLASEQKVHQQQRLDQLHATKLEFARELGVDYVPGRVWTKETLGKDPITTAFDNLKHINFLRKGLAGLRRFLPPRTMTFAYSTQLAPGVPHEFLCDGRLLRLTDAMHPDNRVLFQEVWKCGQPVMISEVARSLNLDLWHPQAFCRDFGDKPNDLINCLNGNLVPNQPMRHFWEGFQCMTKRLPDAYGKPMLLKLKDWPPGDDFAEILPTRFADLMKGLPMPEYTLRTGNLNIASCLPKMFVPPDLGPKMYNAYGSALHPDKGTTNLHLDISDAVNIMVYVGIPQDGDTRPQMAATQKAIEIGGCDYITRARCQSPDVLPGALWHIFPARDADKIRDLLNRVTLEKGFRLEPDHDPIHDQNWYLDDKLRARLFKEYGVEGHPIVQCLGDAVFIPAGAPHQVQNLHNCIKVAEDFVSPENITHCYHLTHEFRRLSHSHTNHEDKLQIKNIIYHAIKDCCTILTRAVDERLNAELTKLNAD
CG14591,Apis mellifera,Q7JRB2,10.1016/j.jinsphys.2007.01.010,MGWDWAVGGISDEIPRTTGPECINYMTDRRRWLETILLSALFIFIMHRSWQRLAPIKLPPPHEIQKPHSPTRLFLLIALSMIFGIEMGFKLSGQSMIFALNPCHVQSCLQIYLLAAKPTKTTTALFRIQMSNLNGPFLAFLFPEVEGRTYPFEQATYWIQHALLYIIPIYIIRSGAYTVEDLSEFHWSHIGTAFMLFYHFILLSPLSIFTGINLDHMLCAAMSDPFQGSNYRIFACCHQALLCPLLSKGTVVLFGRRNRSSSGLTGSGSMPEPRGEAAQYHQLTQGDYAMQEEAILRHRFSNQEAVDDGHPHDAGEMASLTAEYTMPTTKID
F-box synaptic protein,Apis mellifera,Q9V6L9,10.1016/j.jinsphys.2007.01.010,MVDPVAALCNYNVLEVIFSYLELDDLSHCSQVCKSWYHFLNDENSDVWRWHCLNKLPKESLKSDLLASVSTYKTKLRAYFHAWSPNDCSRNVYIKPNGFTLHRNPVAQSTDAARGKIGFRHGRHTWEVIWEGPLGTVAVIGISTKEAALQCHGYVALLGSDDQSWGWNLVENHLLHNGDMQGSYPLLNNAPKYQVGERIRVILDCEDNTLSFEKNYEFLGVAFRGLPDKKLYPTVSAVYGNTEVSMVYLGTPLDG
14-3-3,Apis mellifera,P92177,10.1016/j.jinsphys.2007.01.010,MTERENNVYKAKLAEQAERYDEMVEAMKKVASMDVELTVEERNLLSVAYKNVIGARRASWRIITSIEQKEENKGAEEKLEMIKTYRGQVEKELRDICSDILNVLEKHLIPCATSGESKVFYYKMKGDYHRYLAEFATGSDRKDAAENSLIAYKAASDIAMNDLPPTHPIRLGLALNFSVFYYEILNSPDRACRLAKAAFDDAIAELDTLSEESYKDSTLIMQLLRDNLTLWTSDMQAEEVDPNAGDGEPKEQIQDVEDQDVS
tango,Apis mellifera,O15945,10.1016/j.jinsphys.2007.01.010,MDEANIQDKERFASRENHCEIERRRRNKMTAYITELSDMVPTCSALARKPDKLTILRMAVAHMKALRGTGNTSSDGTYKPSFLTDQELKHLILEAADGFLFVVSCDSGRVIYVSDSVTPVLNYTQSDWYGTSLYEHIHPDDREKIREQLSTQESQNAGRILDLKSGTVKKEGHQSSMRLSMGARRGFICRMRVGNVNPESMVSGHLNRLKQRNSLGPSRDGTNYAVVHCTGYIKNWPPTDMFPNMHMERDVDDMSSHCCLVAIGRLQVTSTAANDMSGSNNQSEFITRHAMDGKFTFVDQRVLNILGYTPTELLGKICYDFFHPEDQSHMKESFDQVLKQKGQMFSLLYRARAKNSEYVWLRTQAYAFLNPYTDEVEYIVCTNSSGKTMHGAPLDAAAAHTPEQVQQQQQQEQHVYVQAAPGVDYARRELTPVGSATNDGMYQTHMLAMQAPTPQQQQQQQQRPGSAQTTPVGYTYDTTHSPYSAGGPSPLAKIPKSGTSPTPVAPNSWAALRPQQQQQQQQPVTEGYQYQQTSPARSPSGPTYTQLSAGNGNRQQAQPGAYQAGPPPPPNAPGMWDWQQAGGHPHPPHPTAHPHHPHAHPGGPAGAGQPQGQEFSDMLQMLDHTPTTFEDLNINMFSTPFE
cag,Apis mellifera,Q7JR24,10.1016/j.jinsphys.2007.01.010,MPSGRVRKPRTSLTLEEKMEVIQSQERNKLSVRDLAKRFNIGKTQAADILKHKQSIKEGLLSGELKLNQMRRNPLSQRGAQIDEMCFDWFSRVRTENIPISGEMVRKKAKQLAVELGHSNFSASSGWLEKWRKRHNVRYNDTGDSLDLQEFEAILVKSEPISNKDDCDEPYPVTLIEPIYSTEEAMMQLARLKEFAKDDYASYQQLISLENQWSWKWNIFKKELP
schizo,Apis mellifera,Q9VP80,10.1016/j.jinsphys.2007.01.010,MSEADLKNLSQNSDGDQELLLHQTTQSLLMASSIMFVGNQGGPGGSAGGVAPPGPVSLPLPLSINMPHHHVHAMPYNVDELLRENNALHAKIKELSLERDRLLCEVSNLRLELDMSELKRLPVDLDDNFPQKSLERSGSTQYELAGAQQPGSANASTCTDSGSVGGYVYLQNHYAPGAHSSSAAINYPAQQHPQMVYQIQQYPTCHQQQQQQHLQQQQHLHQTGAGHYMQVTATGGGQYHHHHMLHGHGHHAHHHGGAVVIAGSGVGTGLGSGATSVIMQHQQQQQQQQNMHKKNSIRNGGDVLKRTRAQSAYELSQDLLEKQIELLERKYGGVRARNAAVTIQRAFRHYMMVKKFASITAMAKAEKRLSRRMVVTASSLGLAEEGASSSSAYGSATESQLTEQQQQQQAQQQQQPRVTIMAGPAGAASPGLSRTPPTRSLSMRERRQLDCSPIPRSQSGASPASISSSTVSTSALASHPHVNLLHAAEPHYYNAQALPQGAAYYTSYHGSPHDLSYASSADTSLNASWVNTSGHSPHTPYYSAAQIYMRPKGGSTTPTPSCSGSTGSGSGGSGSGSSKKVPPEVPKRTSSITAQQQTQLLLLQRQTPPPPSLLRTNGLCKTAENGSLTSVQSSGSDSSVTSAERNLNSDLGSDRSNSPHTWKRGTALNSSQQFSTHSADSAGAVSGGGVGVAGGAGVYAAQMQAAVAAATAAGGMPPADDHAISSHTSAAQYEQHEQQQHEQQQLQAAAAAAGVAQNYKMSETIRKRQYRVGLNLFNKKPEKGITYLIRRGFLENTPQGVARFLITRKGLSRQMIGEYLGNLQNQFNMAVLSCFAMELDLSGRQVDVALRKFQAYFRMPGEAQKIERLMEIFSQRYCECNADIVGRLRSSDTIFVLAFAIIMLNTDLHTPNLKPERRMRVEDFIKNLRGIDDCHDIDKDMLMGIYDRVKSDEFKPGSDHVTQVMKVQATIVGKKPNLALPHRRLVCYCRLYEIPDVNKKERPGVHQREVFLFNDLLVITKIFSKKKTSVTYTFRNSFPLCGTVVTLLDMPNYPFCIQLSQKVDGKILITFNARNEHDRCKFAEDLKESISEMDEMESLRIEAELERQKSARNRAPGNAENRDSGVADVEVCPCPYQQGSQASGEQAPNSADNSQQLKRSALSNSLLDMHEQFGNEKPQRRGSVGSLDSGMSISFQSTTTSSASRENAAAIAAAANAAAAAKMRFNMPPTAAIATPSNVYAAPGMQAYTHANFVQQSQAAYMLQQQQMLQQQAQMQAQAQAQAQAQAQAQAQAQAQAQAQPLTGRIPGRERKASRTDENGRSTEV
Bx42,Apis mellifera,P39736,10.1016/j.jinsphys.2007.01.010,MSLSSLLPTPTNAIWDREDERRLVARGAPKIGALVSAKIAAPPYGQRKDWVPHTDADFGDGGAFPEIHVAQYPLGLGAPGNVGKKSDALAVRLDDKGKVKYDAIARQGHGKDKIVYSSISQLLPAEVLAEDADELQRPDEETVMETTEETRLALEKLTNQKITSALPVRHAQKAGPAQYIRYTPSQQGDTFNSGAKQRVIRMVEAQLDPMEPPKFRINKKIPRGPPSPPAPVLHSPSRKVTVKEQKEWKIPPCISNWKNAKGYTIPLDKRLAADGRGLQQVHINEKFAKMAEALYIADRKAREAVEARSQLEKKLAQKEKEKKEDMLRMMAQRAREERAGLRNPEAAEPSGSGATGSEVRERNDLRAERQRERQRDRNLQRAAPEKRSKLQKERERDISEQIALGLPAKSAGNGETLFDQRLFNTTKGMDSGYGDDEAYNVYDKPWRDSNTLGAHIYRPSKQADSDNYGGDLDAIVNTKRFVPDKQFSGASKEAAAGQRSGPVEFEKEEDPFGLDQFLNMAKKAPKRAEEKNNERSSHSDRKRSKRD
CG32683,Apis mellifera,Q9W2V2,10.1016/j.jinsphys.2007.01.010,MSDKQQEKEPIPEEEQQQEQEREHEAPGSRHACCGSGPDPEAEPEVEMDVEVEEASGSAIGAAAAGESDAPAPANPNPGLERDRDRDSHGDRSTHRDEFGTQRVYKKTSPNCVLTLYLPTREITLTGNNPSVLRGIVYVDPKAIQGYRVYAQLTLTFRYGREDEEVMGLRFCNEAIMSLHQIWPRLEEPTPESLSPLQEALMKRLGDGAHPFTLSLSSYAPPSVQLVPAKRYYGAPIGTSYDVRCFIADKTDEKFHRRASVKMGVRVIYRTDVFHQHLAPEQYAAFAGRQNIAQSPPASATPPSCGEGGEQHTTHTQQQSQSQPSSGSKHKSKSERGDSFPKLRLSPKSFRFSGRFGRSKSEIEKCPNDPFHSYSKSFQEHCDSMLPPHTGAGVTGGIGGVSVGPCGGPQGSVDKPFLLHDGRVGLRASLDKGWYTHGEDVQVTVNIRNDSRKTVRKVRVCAIQHVDVCMFNNGKFKNVVADSDNVTPPVDRTVAAGASLNTTVTLRPQRGPTKNWIALEDTLQRSTEPEEITGAIAASAIRSPHFVMQNAQLLGGCGHPLGSPALVTPHPHLWQPGSQGQGQPGNPNSGGGNEERNVFAIYVSYYVKVKLTLSGMGGELSLKLPFVLVHVDETQRPGFASATLGELRMEMERLALHDAPVGKRNGRRQAQPTSAEIGDGPSTSAAAAAAAAAAKSASQSSGQSGGHLDMIESLDDEFNITVPVPRNGSHKRRLQRSETLARDLEEHEEHGPMPEEEDHIVQIHLEQVSPDRDEMQQEEQRVQEEQVSHAPGAETGAVPKSSNV
swiss cheese,Apis mellifera,Q9U969,10.1016/j.jinsphys.2007.01.010,MDVLEMLRASASGSYNTIFSDAWCQYVSKQITATVYMYFALVMMSLLFIAWFLYFKRMARLRLRDEIARSISTVTNSSGDMRGLRFRKRDKMLFYGRRMLRKMKNVSGQMYSSGKGYKRRAVMRFARRILQLRRDNMPLEMRTVEPPAEYLEETIEGSDRVPPDALYMLQSIRIFGHFEKPVFLRLCKHTQLLELMAGDYLFKITDPDDSVYIVQSGMINVYISNADGSTLSLKTVRKGESVTSLLSFIDVLSGNPSYYKTVTAKAIEKSVVIRLPMQAFEEVFQDNPDVMIRVIQVIMIRLQRVLFTALRNYLGLNAELVQNHMRYKSVSTMSGPINSQTSQSSRQAPNGPPMVISQMNLMQSAVSGTGSSGVSVTVTRPPSSPSRHSREEHTLSDPNPNPDGSFHGTTNLFTEVHGDAPNADLFHQQQQQHSVGNLSTRRSSITLMAPDGSHSCLQTPGVTTSIDMRLVQSSAVDSLRKELGLSEEDSHIIEPFVELRELEPNVTLITEGNADDVCVWFVMTGTLAVYQSNQDATRAKQDKSDMLIHFVHPGEIVGGLAMLTGEASAYTIRSRSITRIAFIRRAAIYQIMRQRPRIVLDLGNGVVRRLSPLVRQCDYALDWIFLESGRAVYRQDESSDSTYIVLSGRMRSVITHPGGKKEIVGEYGKGDLVGIVEMITETSRTTTVMAVRDSELAKLPEGLFNAIKLRYPIVVTKLISFLSHRFLGSMQTRSGSGAPGAPVEANPVTHKYSTVALVPITDEVPMTPFTYELYHSLCAIGPVLRLTSDVVRKQLGSNIFEAANEYRLTSWLAQQEDRNIITLYQCDSSLSAWTQRCMRQADVILIVGLGDRSHLVGKFEREIDRLAMRTQKELVLLYPEASNAKPANTLSWLNARPWVTKHHHVLCVKRIFTRKSQYRINDLYSRVLLSEPNMHSDFSRLARWLTGNSIGLVLGGGGARGAAHIGMLKAIQEAGIPVDMVGGVSIGALMGALWCSERNITTVTQKAREWSKKMTKWFLQLLDLTYPITSMFSGREFNKTIHDTFGDVSIEDLWIPYFTLTTDITASCHRIHTNGSLWRYVRSSMSLSGYMPPLCDPKDGHLLLDGGYVNNLPADVMHNLGAAHIIAIDVGSQDDTDLTNYGDDLSGWWLLYKKWNPFTSPVKVPDLPDIQSRLAYVSCVRQLEEVKNSDYCEYIRPPIDKYKTLAFGSFDEIRDVGYVFGKNYFESMAKAGRLGRFNQWFNKEPPKRVNHASLNEYTFIDLAQIVCRLPETYAVNTAELFSEDEDCDGYISEPTTLNTDRRRIQVSRAGNSLSFSETEMDSDVELDLKLERKTDKSTQSSPPSNSRSDMRGKEEARHMSNWHWGVKHKDETGSGATEATKTQTGQEQELQQEQQDQGATAEQLVDKDKEENKENRSSPNNETKN
metabotropic GABA-B receptor subtype 1,Apis mellifera,Q9V3Q9,10.1016/j.jinsphys.2007.01.010,MTSDGAVTFWIFLLCLIASPHLQGGVAGRPDELHIGGIFPIAGKGGWQGGQACMPAARLALDDVNKQPNLLPGFKLILHSNDSECEPGLGASVMYNLLYNKPQKLMLLAGCSTVCTTVAEAAKMWNLIVLCYGASSPALSDRKRFPTLFRTHPSATVHNPTRIKLMKKFGWSRVAILQQAEEVFISTVEDLENRCMEAGVEIVTRQSFLSDPTDAVRNLRRQDARIIVGLFYVVAARRVLCEMYKQQLYGRAHVWFFIGWYEDNWYEVNLKAEGITCTVEQMRIAAEGHLTTEALMWNQNNQTTISGMTAEEFRHRLNQALIEEGYDINHDRYPEGYQEAPLAYDAVWSVALAFNKTMERLTTGKKSLRDFTYTDKEIADEIYAAMNSTQFLGVSGVVAFSSQGDRIALTQIEQMIDGKYEKLGYYDTQLDNLSWLNTEQWIGGKVPQDRTIVTHVLRTVSLPLFVCMCTISSCGIFVAFALIIFNIWNKHRRVIQSSHPVCNTIMLFGVIICLISVILLGIDGRFVSPEEYPKICQARAWLLSTGFTLAYGAMFSKVWRVHRFTTKAKTDPKKKVEPWKLYTMVSGLLSIDLVILLSWQIFDPLQRYLETFPLEDPVSTTDDIKIRPELEHCESQRNSMWLGLVYGFKGLILVFGLFLAYETRSIKVKQINDSRYVGMSIYNVVVLCLITAPVGMVIASQQDASFAFVALAVIFCCFLSMLLIFVPKVIEVIRHPKDKAESKYNPDSAISKEDEERYQKLVTENEELQRLITQKEEKIRVLRQRLVERGDAKGTELNGATGVASAAVATTSQPASLINSSAHATPAATLAITQDTHEHRT
5-hydroxytryptamine (serotonin) receptor 7,Apis mellifera,P20905,10.1016/j.jinsphys.2007.01.010,MALSGQDWRRHQSHRQHRNHRTQGNHQKLISTATLTLFVLFLSSWIAYAAGKATVPAPLVEGETESATSQDFNSSSAFLGAIASASSTGSGSGSGSGSGSGSGSGSYGLASMNSSPIAIVSYQGITSSNLGDSNTTLVPLSDTPLLLEEFAAGEFVLPPLTSIFVSIVLLIVILGTVVGNVLVCIAVCMVRKLRRPCNYLLVSLALSDLCVALLVMPMALLYEVLEKWNFGPLLCDIWVSFDVLCCTASILNLCAISVDRYLAITKPLEYGVKRTPRRMMLCVGIVWLAAACISLPPLLILGNEHEDEEGQPICTVCQNFAYQIYATLGSFYIPLSVMLFVYYQIFRAARRIVLEEKRAQTHLQQALNGTGSPSAPQAPPLGHTELASSGNGQRHSSVGNTSLTYSTCGGLSSGGGALAGHGSGGGVSGSTGLLGSPHHKKLRFQLAKEKKASTTLGIIMSAFTVCWLPFFILALIRPFETMHVPASLSSLFLWLGYANSLLNPIIYATLNRDFRKPFQEILYFRCSSLNTMMRENYYQDQYGEPPSQRVMLGDERHGARESFL
Pka-C1,Apis mellifera,P12370,10.1016/j.jinsphys.2007.01.010,MGNNATTSNKKVDAAETVKEFLEQAKEEFEDKWRRNPTNTAALDDFERIKTLGTGSFGRVMIVQHKPTKDYYAMKILDKQKVVKLKQVEHTLNEKRILQAIQFPFLVSLRYHFKDNSNLYMVLEYVPGGEMFSHLRKVGRFSEPHSRFYAAQIVLAFEYLHYLDLIYRDLKPENLLIDSQGYLKVTDFGFAKRVKGRTWTLCGTPEYLAPEIILSKGYNKAVDWWALGVLVYEMAAGYPPFFADQPIQIYEKIVSGKVRFPSHFGSDLKDLLRNLLQVDLTKRYGNLKAGVNDIKNQKWFASTDWIAIFQKKIEAPFIPRCKGPGDTSNFDDYEEEALRISSTEKCAKEFAEF
homer,Apis mellifera,Q0E8S7,10.1016/j.jinsphys.2007.01.010,MGEQPIFTCQAHVFHIDPKTKRTWITASMKAVNVSFFYDSSRNLYRIISVEGTKAVINSTITPNMTFTQTSQKFGQWSDVRANTVYGLGFASEAELTKFVEKFQEVKEATKNAMKSANGSNAVTPTTSANTSPISGRAVGSMQNDNTAIDPHTVEPPNMSNTNTQNANPDSPSHKLLNTSDVKADIGSATPSPQPTSGVTGGGGVTISSGGSIVGMHTGPGAGATAEQQLKYENERLKMALAQSCANAKKWEIELATLKNNNIRLTSALQESTANVDEWKRQLHTYKEENIRLKRDMEQLCVGGGVVAAAGGGATEDELRREVATLKARTEQLQKELMQQELELKSANISLREKSNDQTLAKLSEVNGVFAKHLSELYGVQKDMESLIQIAKCTXDTELAFMRKVSVQEQTTMINTTTTSSTTTGSTTSKRYLSNFPTAEAESTLSNVTSIHTQLQSSLYETQNMPQLKALDKHSALLQELHQRQAAPRRNSASAEAAAAGSGGAKTATILVSKSKTKTGLPLLLKNSINN
